ticker,mentions,timestamp,Timestamp,Ticker,Mentions,Sentiment,CurrentPrice
US,24.0,2025-10-16T12:22:17.754869,,,,,
,,,2025-10-17 05:41:44,AI,233.0,0.085,18.06
,,,2025-10-17 05:41:44,US,113.0,0.074,
,,,2025-10-17 05:41:44,AMD,46.0,0.063,234.56
,,,2025-10-17 05:41:44,IRA,32.0,0.14,
,,,2025-10-17 05:41:44,USD,30.0,0.124,102.99
,,,2025-10-17 05:41:44,NVDA,27.0,0.095,181.81
,,,2025-10-17 05:41:45,CEO,26.0,0.076,
,,,2025-10-17 05:41:45,ETF,23.0,0.064,
,,,2025-10-17 05:41:45,EPS,22.0,0.058,67.95
,,,2025-10-17 05:41:45,DD,20.0,0.118,78.13
,,,2025-10-17 06:12:16,AI,233.0,0.085,18.06
,,,2025-10-17 06:12:16,US,113.0,0.074,
,,,2025-10-17 06:12:16,AMD,46.0,0.063,234.56
,,,2025-10-17 06:12:16,IRA,32.0,0.14,
,,,2025-10-17 06:12:16,USD,30.0,0.124,102.99
,,,2025-10-17 06:12:17,NVDA,27.0,0.095,181.81
,,,2025-10-17 06:12:17,CEO,26.0,0.076,
,,,2025-10-17 06:12:18,ETF,26.0,0.075,
,,,2025-10-17 06:12:18,EPS,22.0,0.058,67.95
,,,2025-10-17 06:12:18,DD,20.0,0.118,78.13
,,,2025-10-17 06:29:45,AI,233.0,0.085,18.06
,,,2025-10-17 06:29:45,US,112.0,0.073,
,,,2025-10-17 06:29:45,AMD,46.0,0.063,234.56
,,,2025-10-17 06:29:45,IRA,32.0,0.14,
,,,2025-10-17 06:29:45,USD,30.0,0.124,102.99
,,,2025-10-17 06:29:45,NVDA,27.0,0.095,181.81
,,,2025-10-17 06:29:46,CEO,26.0,0.076,
,,,2025-10-17 06:29:46,ETF,26.0,0.075,
,,,2025-10-17 06:29:46,EPS,22.0,0.058,67.95
,,,2025-10-17 06:29:46,DD,20.0,0.118,78.13
,,,2025-10-17 06:51:03,AI,233.0,0.085,18.06
,,,2025-10-17 06:51:03,US,112.0,0.073,
,,,2025-10-17 06:51:03,AMD,46.0,0.063,234.56
,,,2025-10-17 06:51:04,IRA,32.0,0.14,
,,,2025-10-17 06:51:04,USD,30.0,0.124,102.99
,,,2025-10-17 06:51:04,NVDA,27.0,0.095,181.81
,,,2025-10-17 06:51:05,CEO,26.0,0.076,
,,,2025-10-17 06:51:05,ETF,26.0,0.075,
,,,2025-10-17 06:51:05,EPS,22.0,0.058,67.95
,,,2025-10-17 06:51:06,DD,20.0,0.118,78.13
,,,2025-10-17 07:31:48,AI,233.0,0.085,18.06
,,,2025-10-17 07:31:48,US,112.0,0.073,
,,,2025-10-17 07:31:48,AMD,47.0,0.062,234.56
,,,2025-10-17 07:31:48,IRA,32.0,0.14,
,,,2025-10-17 07:31:48,USD,30.0,0.124,102.99
,,,2025-10-17 07:31:48,NVDA,27.0,0.095,181.81
,,,2025-10-17 07:31:49,CEO,26.0,0.076,
,,,2025-10-17 07:31:49,ETF,26.0,0.075,
,,,2025-10-17 07:31:49,EPS,22.0,0.058,67.95
,,,2025-10-17 07:31:50,DD,21.0,0.128,78.13
,,,2025-10-17 08:30:16,AI,226.0,0.083,18.06
,,,2025-10-17 08:30:16,US,111.0,0.072,
,,,2025-10-17 08:30:16,AMD,46.0,0.063,234.56
,,,2025-10-17 08:30:16,USD,34.0,0.126,102.99
,,,2025-10-17 08:30:16,IRA,32.0,0.14,
,,,2025-10-17 08:30:16,NVDA,27.0,0.095,181.81
,,,2025-10-17 08:30:16,CEO,26.0,0.076,
,,,2025-10-17 08:30:17,ETF,26.0,0.075,
,,,2025-10-17 08:30:17,EPS,21.0,0.054,67.95
,,,2025-10-17 08:30:17,DD,20.0,0.118,78.13
,,,2025-10-17 08:48:30,AI,226.0,0.083,18.06
,,,2025-10-17 08:48:30,US,111.0,0.072,
,,,2025-10-17 08:48:30,AMD,46.0,0.063,234.56
,,,2025-10-17 08:48:30,USD,34.0,0.126,102.99
,,,2025-10-17 08:48:30,IRA,32.0,0.14,
,,,2025-10-17 08:48:30,NVDA,27.0,0.095,181.81
,,,2025-10-17 08:48:31,CEO,26.0,0.076,
,,,2025-10-17 08:48:31,ETF,26.0,0.075,
,,,2025-10-17 08:48:31,EPS,21.0,0.054,67.95
,,,2025-10-17 08:48:31,DD,20.0,0.118,78.13
,,,2025-10-17 09:35:11,AI,235.0,0.089,18.06
,,,2025-10-17 09:35:11,US,117.0,0.074,
,,,2025-10-17 09:35:12,AMD,46.0,0.063,234.56
,,,2025-10-17 09:35:12,USD,34.0,0.126,102.99
,,,2025-10-17 09:35:12,IRA,32.0,0.14,
,,,2025-10-17 09:35:12,NVDA,27.0,0.095,181.81
,,,2025-10-17 09:35:13,CEO,26.0,0.076,
,,,2025-10-17 09:35:14,EPS,25.0,0.051,67.95
,,,2025-10-17 09:35:14,ETF,22.0,0.068,
,,,2025-10-17 09:35:14,DD,20.0,0.118,78.13
,,,2025-10-17 10:41:20,AI,228.0,0.084,18.06
,,,2025-10-17 10:41:20,US,118.0,0.075,
,,,2025-10-17 10:41:20,AMD,45.0,0.051,234.56
,,,2025-10-17 10:41:20,USD,34.0,0.126,102.99
,,,2025-10-17 10:41:20,IRA,32.0,0.14,
,,,2025-10-17 10:41:21,NVDA,27.0,0.095,181.81
,,,2025-10-17 10:41:21,CEO,26.0,0.068,
,,,2025-10-17 10:41:21,EPS,25.0,0.051,67.95
,,,2025-10-17 10:41:21,DD,22.0,0.126,78.13
,,,2025-10-17 10:41:21,ETF,22.0,0.068,
,,,2025-10-17 11:27:36,AI,228.0,0.084,18.06
,,,2025-10-17 11:27:37,US,118.0,0.075,
,,,2025-10-17 11:27:37,AMD,44.0,0.052,234.56
,,,2025-10-17 11:27:37,USD,34.0,0.126,102.99
,,,2025-10-17 11:27:37,IRA,32.0,0.14,
,,,2025-10-17 11:27:37,NVDA,27.0,0.095,181.81
,,,2025-10-17 11:27:37,CEO,26.0,0.068,
,,,2025-10-17 11:27:37,EPS,25.0,0.051,67.95
,,,2025-10-17 11:27:38,DD,22.0,0.126,78.13
,,,2025-10-17 11:27:38,ETF,22.0,0.068,
,,,2025-10-17 11:42:03,AI,229.0,0.085,18.06
,,,2025-10-17 11:42:03,US,113.0,0.075,
,,,2025-10-17 11:42:04,AMD,46.0,0.064,234.56
,,,2025-10-17 11:42:04,USD,33.0,0.119,102.99
,,,2025-10-17 11:42:04,IRA,32.0,0.14,
,,,2025-10-17 11:42:04,NVDA,27.0,0.095,181.81
,,,2025-10-17 11:42:05,CEO,26.0,0.076,
,,,2025-10-17 11:42:05,EPS,25.0,0.051,67.95
,,,2025-10-17 11:42:05,ETF,22.0,0.068,
,,,2025-10-17 11:42:05,DD,21.0,0.128,78.13
,,,2025-10-17 13:21:20,AI,229.0,0.085,18.06
,,,2025-10-17 13:21:20,US,115.0,0.078,
,,,2025-10-17 13:21:20,AMD,46.0,0.064,234.56
,,,2025-10-17 13:21:20,USD,33.0,0.119,102.99
,,,2025-10-17 13:21:20,IRA,32.0,0.14,
,,,2025-10-17 13:21:21,CEO,31.0,0.093,
,,,2025-10-17 13:21:21,NVDA,27.0,0.095,181.81
,,,2025-10-17 13:21:22,EPS,25.0,0.051,67.95
,,,2025-10-17 13:21:22,ETF,22.0,0.068,
,,,2025-10-17 13:21:22,DD,21.0,0.128,78.13
,,,2025-10-17 13:47:41,AI,229.0,0.085,17.64
,,,2025-10-17 13:47:41,US,114.0,0.076,
,,,2025-10-17 13:47:41,AMD,47.0,0.062,229.41
,,,2025-10-17 13:47:42,USD,33.0,0.119,100.73
,,,2025-10-17 13:47:42,IRA,32.0,0.14,
,,,2025-10-17 13:47:42,CEO,29.0,0.084,
,,,2025-10-17 13:47:43,NVDA,27.0,0.095,181.06
,,,2025-10-17 13:47:43,EPS,25.0,0.051,67.95
,,,2025-10-17 13:47:43,ETF,22.0,0.068,
,,,2025-10-17 13:47:43,DD,20.0,0.118,78.55
,,,2025-10-17 14:40:53,AI,229.0,0.086,17.72
,,,2025-10-17 14:40:53,US,120.0,0.074,
,,,2025-10-17 14:40:53,AMD,43.0,0.064,231.68
,,,2025-10-17 14:40:54,USD,33.0,0.119,101.34
,,,2025-10-17 14:40:54,IRA,32.0,0.14,
,,,2025-10-17 14:40:54,NVDA,27.0,0.095,181.98
,,,2025-10-17 14:40:54,EPS,25.0,0.051,68.1
,,,2025-10-17 14:40:55,CEO,23.0,0.08,
,,,2025-10-17 14:40:55,ETF,22.0,0.068,
,,,2025-10-17 14:40:55,DD,20.0,0.118,78.81
,,,2025-10-17 15:34:31,AI,231.0,0.084,17.62
,,,2025-10-17 15:34:31,US,120.0,0.074,
,,,2025-10-17 15:34:31,AMD,41.0,0.052,228.84
,,,2025-10-17 15:34:32,USD,33.0,0.119,100.23
,,,2025-10-17 15:34:32,IRA,32.0,0.14,
,,,2025-10-17 15:34:32,NVDA,27.0,0.095,180.4
,,,2025-10-17 15:34:32,EPS,25.0,0.051,67.81
,,,2025-10-17 15:34:33,CEO,22.0,0.07,
,,,2025-10-17 15:34:34,ETF,22.0,0.068,
,,,2025-10-17 15:34:34,DD,20.0,0.118,79.36
,,,2025-10-17 16:45:44,AI,230.0,0.082,17.7
,,,2025-10-17 16:45:44,US,119.0,0.073,
,,,2025-10-17 16:45:44,AMD,41.0,0.052,232.65
,,,2025-10-17 16:45:44,USD,33.0,0.119,102.0
,,,2025-10-17 16:45:45,IRA,32.0,0.139,
,,,2025-10-17 16:45:45,NVDA,28.0,0.095,182.14
,,,2025-10-17 16:45:45,EPS,24.0,0.048,68.21
,,,2025-10-17 16:45:45,CEO,22.0,0.07,
,,,2025-10-17 16:45:45,ETF,22.0,0.068,
,,,2025-10-17 16:45:46,DD,20.0,0.118,79.14
,,,2025-10-17 17:32:12,AI,225.0,0.082,17.64
,,,2025-10-17 17:32:12,US,115.0,0.073,
,,,2025-10-17 17:32:12,AMD,41.0,0.052,230.95
,,,2025-10-17 17:32:12,IRA,33.0,0.14,
,,,2025-10-17 17:32:12,USD,30.0,0.123,101.65
,,,2025-10-17 17:32:13,NVDA,28.0,0.095,182.44
,,,2025-10-17 17:32:13,EPS,24.0,0.048,68.04
,,,2025-10-17 17:32:13,ETF,23.0,0.069,
,,,2025-10-17 17:32:13,CEO,22.0,0.07,
,,,2025-10-17 17:32:14,DD,20.0,0.118,79.39
,,,2025-10-17 18:46:43,AI,225.0,0.082,17.77
,,,2025-10-17 18:46:44,US,114.0,0.073,
,,,2025-10-17 18:46:44,AMD,41.0,0.052,232.03
,,,2025-10-17 18:46:44,IRA,34.0,0.138,
,,,2025-10-17 18:46:44,USD,31.0,0.117,103.07
,,,2025-10-17 18:46:44,NVDA,28.0,0.095,183.65
,,,2025-10-17 18:46:44,EPS,24.0,0.048,68.39
,,,2025-10-17 18:46:44,ETF,24.0,0.064,
,,,2025-10-17 18:46:45,CEO,23.0,0.082,
,,,2025-10-17 18:46:45,DD,22.0,0.106,80.0
,,,2025-10-17 19:25:08,AI,225.0,0.082,17.77
,,,2025-10-17 19:25:09,US,114.0,0.074,
,,,2025-10-17 19:25:09,AMD,41.0,0.052,234.27
,,,2025-10-17 19:25:09,IRA,34.0,0.138,
,,,2025-10-17 19:25:09,USD,31.0,0.117,103.69
,,,2025-10-17 19:25:10,NVDA,27.0,0.085,183.91
,,,2025-10-17 19:25:10,EPS,24.0,0.048,68.44
,,,2025-10-17 19:25:10,ETF,24.0,0.064,
,,,2025-10-17 19:25:11,CEO,23.0,0.082,
,,,2025-10-17 19:25:11,DD,21.0,0.124,80.0
,,,2025-10-17 19:40:32,AI,224.0,0.083,17.73
,,,2025-10-17 19:40:33,US,114.0,0.074,
,,,2025-10-17 19:40:33,AMD,41.0,0.052,233.8
,,,2025-10-17 19:40:33,IRA,33.0,0.143,
,,,2025-10-17 19:40:33,USD,31.0,0.117,103.18
,,,2025-10-17 19:40:33,NVDA,27.0,0.085,183.21
,,,2025-10-17 19:40:33,EPS,24.0,0.048,68.42
,,,2025-10-17 19:40:33,ETF,24.0,0.064,
,,,2025-10-17 19:40:34,CEO,23.0,0.082,
,,,2025-10-17 19:40:34,DD,21.0,0.124,79.49
,,,2025-10-17 20:35:21,AI,220.0,0.084,17.71
,,,2025-10-17 20:35:21,US,114.0,0.074,
,,,2025-10-17 20:35:21,AMD,39.0,0.059,233.08
,,,2025-10-17 20:35:21,IRA,36.0,0.159,
,,,2025-10-17 20:35:21,USD,31.0,0.117,103.16
,,,2025-10-17 20:35:21,NVDA,27.0,0.085,183.22
,,,2025-10-17 20:35:21,ETF,27.0,0.071,
,,,2025-10-17 20:35:21,EPS,24.0,0.048,68.36
,,,2025-10-17 20:35:22,SPY,23.0,0.066,664.39
,,,2025-10-17 20:35:22,CEO,23.0,0.082,
,,,2025-10-17 21:29:20,AI,221.0,0.084,17.71
,,,2025-10-17 21:29:20,US,114.0,0.074,
,,,2025-10-17 21:29:21,AMD,40.0,0.058,233.08
,,,2025-10-17 21:29:21,IRA,36.0,0.159,
,,,2025-10-17 21:29:21,USD,31.0,0.117,103.16
,,,2025-10-17 21:29:21,NVDA,27.0,0.085,183.22
,,,2025-10-17 21:29:21,ETF,27.0,0.071,
,,,2025-10-17 21:29:21,CEO,25.0,0.085,
,,,2025-10-17 21:29:22,EPS,24.0,0.048,68.36
,,,2025-10-17 21:29:22,SPY,23.0,0.066,664.39
,,,2025-10-17 21:40:20,AI,221.0,0.084,17.71
,,,2025-10-17 21:40:20,US,113.0,0.075,
,,,2025-10-17 21:40:21,AMD,41.0,0.055,233.08
,,,2025-10-17 21:40:21,IRA,36.0,0.159,
,,,2025-10-17 21:40:21,USD,31.0,0.117,103.16
,,,2025-10-17 21:40:21,NVDA,27.0,0.085,183.22
,,,2025-10-17 21:40:21,ETF,27.0,0.071,
,,,2025-10-17 21:40:22,CEO,25.0,0.085,
,,,2025-10-17 21:40:22,EPS,24.0,0.048,68.36
,,,2025-10-17 21:40:22,SPY,23.0,0.066,664.39
,,,2025-10-17 22:34:14,AI,221.0,0.084,17.71
,,,2025-10-17 22:34:14,US,113.0,0.075,
,,,2025-10-17 22:34:14,AMD,40.0,0.058,233.08
,,,2025-10-17 22:34:14,IRA,38.0,0.143,
,,,2025-10-17 22:34:14,USD,31.0,0.117,103.16
,,,2025-10-17 22:34:15,ETF,27.0,0.071,
,,,2025-10-17 22:34:15,NVDA,26.0,0.088,183.22
,,,2025-10-17 22:34:15,CEO,25.0,0.085,
,,,2025-10-17 22:34:15,EPS,24.0,0.048,68.36
,,,2025-10-17 22:34:15,SPY,23.0,0.066,664.39
,,,2025-10-17 23:28:04,AI,222.0,0.084,17.71
,,,2025-10-17 23:28:05,US,114.0,0.075,
,,,2025-10-17 23:28:05,AMD,40.0,0.058,233.08
,,,2025-10-17 23:28:05,IRA,38.0,0.143,
,,,2025-10-17 23:28:05,USD,31.0,0.117,103.16
,,,2025-10-17 23:28:05,ETF,27.0,0.071,
,,,2025-10-17 23:28:06,CEO,26.0,0.085,
,,,2025-10-17 23:28:06,NVDA,26.0,0.088,183.22
,,,2025-10-17 23:28:06,EPS,24.0,0.048,68.36
,,,2025-10-17 23:28:06,SPY,23.0,0.066,664.39
,,,2025-10-17 23:40:44,AI,222.0,0.084,17.71
,,,2025-10-17 23:40:45,US,114.0,0.075,
,,,2025-10-17 23:40:45,AMD,40.0,0.058,233.08
,,,2025-10-17 23:40:45,IRA,38.0,0.143,
,,,2025-10-17 23:40:45,USD,31.0,0.117,103.16
,,,2025-10-17 23:40:45,ETF,27.0,0.071,
,,,2025-10-17 23:40:45,CEO,26.0,0.085,
,,,2025-10-17 23:40:45,NVDA,26.0,0.088,183.22
,,,2025-10-17 23:40:46,EPS,24.0,0.048,68.36
,,,2025-10-17 23:40:46,SPY,23.0,0.066,664.39
,,,2025-10-18 03:05:56,AI,224.0,0.084,17.71
,,,2025-10-18 03:05:56,US,122.0,0.075,
,,,2025-10-18 03:05:56,AMD,40.0,0.058,233.08
,,,2025-10-18 03:05:56,IRA,35.0,0.127,
,,,2025-10-18 03:05:56,USD,31.0,0.117,103.16
,,,2025-10-18 03:05:56,ETF,27.0,0.061,
,,,2025-10-18 03:05:56,NVDA,26.0,0.088,183.22
,,,2025-10-18 03:05:57,CEO,25.0,0.085,
,,,2025-10-18 03:05:57,EPS,24.0,0.048,68.36
,,,2025-10-18 03:05:57,SPY,20.0,0.051,664.39
,,,2025-10-18 03:49:14,AI,224.0,0.084,17.71
,,,2025-10-18 03:49:14,US,122.0,0.075,
,,,2025-10-18 03:49:14,AMD,40.0,0.058,233.08
,,,2025-10-18 03:49:14,IRA,35.0,0.127,
,,,2025-10-18 03:49:14,USD,31.0,0.117,103.16
,,,2025-10-18 03:49:15,ETF,27.0,0.061,
,,,2025-10-18 03:49:15,NVDA,26.0,0.088,183.22
,,,2025-10-18 03:49:16,CEO,25.0,0.085,
,,,2025-10-18 03:49:16,EPS,24.0,0.048,68.36
,,,2025-10-18 03:49:16,SPY,20.0,0.051,664.39
,,,2025-10-18 04:38:00,AI,224.0,0.084,17.71
,,,2025-10-18 04:38:00,US,122.0,0.075,
,,,2025-10-18 04:38:01,AMD,40.0,0.058,233.08
,,,2025-10-18 04:38:01,IRA,35.0,0.127,
,,,2025-10-18 04:38:01,USD,31.0,0.117,103.16
,,,2025-10-18 04:38:01,ETF,27.0,0.061,
,,,2025-10-18 04:38:01,NVDA,26.0,0.088,183.22
,,,2025-10-18 04:38:01,CEO,25.0,0.085,
,,,2025-10-18 04:38:01,EPS,24.0,0.048,68.36
,,,2025-10-18 04:38:02,SPY,20.0,0.051,664.39
,,,2025-10-18 05:34:08,AI,224.0,0.084,17.71
,,,2025-10-18 05:34:08,US,122.0,0.075,
,,,2025-10-18 05:34:08,AMD,40.0,0.058,233.08
,,,2025-10-18 05:34:08,IRA,35.0,0.127,
,,,2025-10-18 05:34:08,USD,31.0,0.117,103.16
,,,2025-10-18 05:34:08,ETF,27.0,0.061,
,,,2025-10-18 05:34:08,NVDA,26.0,0.088,183.22
,,,2025-10-18 05:34:09,CEO,25.0,0.085,
,,,2025-10-18 05:34:09,EPS,24.0,0.048,68.36
,,,2025-10-18 05:34:09,SPY,20.0,0.051,664.39
,,,2025-10-18 06:46:30,AI,221.0,0.081,17.71
,,,2025-10-18 06:46:30,US,122.0,0.075,
,,,2025-10-18 06:46:30,AMD,40.0,0.058,233.08
,,,2025-10-18 06:46:30,IRA,34.0,0.128,
,,,2025-10-18 06:46:30,USD,31.0,0.117,103.16
,,,2025-10-18 06:46:30,ETF,29.0,0.074,
,,,2025-10-18 06:46:31,CEO,25.0,0.085,
,,,2025-10-18 06:46:31,EPS,24.0,0.048,68.36
,,,2025-10-18 06:46:31,NVDA,23.0,0.109,183.22
,,,2025-10-18 06:46:31,SPY,20.0,0.051,664.39
,,,2025-10-18 07:27:46,AI,221.0,0.081,17.71
,,,2025-10-18 07:27:46,US,121.0,0.075,
,,,2025-10-18 07:27:46,AMD,40.0,0.058,233.08
,,,2025-10-18 07:27:46,IRA,34.0,0.128,
,,,2025-10-18 07:27:46,USD,31.0,0.117,103.16
,,,2025-10-18 07:27:46,ETF,29.0,0.074,
,,,2025-10-18 07:27:46,CEO,26.0,0.085,
,,,2025-10-18 07:27:47,EPS,24.0,0.048,68.36
,,,2025-10-18 07:27:47,NVDA,23.0,0.109,183.22
,,,2025-10-18 07:27:47,SPY,20.0,0.051,664.39
,,,2025-10-18 07:40:29,AI,221.0,0.081,17.71
,,,2025-10-18 07:40:30,US,121.0,0.075,
,,,2025-10-18 07:40:30,AMD,40.0,0.058,233.08
,,,2025-10-18 07:40:30,IRA,34.0,0.128,
,,,2025-10-18 07:40:30,USD,31.0,0.117,103.16
,,,2025-10-18 07:40:31,ETF,29.0,0.074,
,,,2025-10-18 07:40:31,CEO,26.0,0.085,
,,,2025-10-18 07:40:32,EPS,24.0,0.048,68.36
,,,2025-10-18 07:40:32,NVDA,23.0,0.109,183.22
,,,2025-10-18 07:40:32,SPY,20.0,0.051,664.39
,,,2025-10-18 08:41:29,AI,221.0,0.081,17.71
,,,2025-10-18 08:41:29,US,121.0,0.075,
,,,2025-10-18 08:41:29,AMD,40.0,0.058,233.08
,,,2025-10-18 08:41:29,IRA,34.0,0.128,
,,,2025-10-18 08:41:29,USD,31.0,0.117,103.16
,,,2025-10-18 08:41:30,ETF,29.0,0.074,
,,,2025-10-18 08:41:30,CEO,26.0,0.085,
,,,2025-10-18 08:41:30,EPS,24.0,0.048,68.36
,,,2025-10-18 08:41:30,NVDA,23.0,0.109,183.22
,,,2025-10-18 08:41:30,SPY,20.0,0.051,664.39
,,,2025-10-18 09:30:28,AI,221.0,0.081,17.71
,,,2025-10-18 09:30:28,US,121.0,0.075,
,,,2025-10-18 09:30:29,AMD,40.0,0.058,233.08
,,,2025-10-18 09:30:29,IRA,34.0,0.128,
,,,2025-10-18 09:30:29,USD,32.0,0.118,103.16
,,,2025-10-18 09:30:29,ETF,29.0,0.074,
,,,2025-10-18 09:30:29,CEO,26.0,0.085,
,,,2025-10-18 09:30:29,EPS,24.0,0.048,68.36
,,,2025-10-18 09:30:29,NVDA,21.0,0.088,183.22
,,,2025-10-18 09:30:30,SPY,20.0,0.051,664.39
,,,2025-10-18 09:41:37,AI,221.0,0.081,17.71
,,,2025-10-18 09:41:37,US,121.0,0.075,
,,,2025-10-18 09:41:37,AMD,40.0,0.058,233.08
,,,2025-10-18 09:41:38,IRA,34.0,0.128,
,,,2025-10-18 09:41:38,USD,32.0,0.118,103.16
,,,2025-10-18 09:41:38,ETF,28.0,0.063,
,,,2025-10-18 09:41:38,CEO,26.0,0.085,
,,,2025-10-18 09:41:38,EPS,26.0,0.04,68.36
,,,2025-10-18 09:41:38,NVDA,21.0,0.088,183.22
,,,2025-10-18 09:41:39,SPY,20.0,0.051,664.39
,,,2025-10-18 10:40:48,AI,224.0,0.08,17.71
,,,2025-10-18 10:40:49,US,119.0,0.076,
,,,2025-10-18 10:40:49,AMD,40.0,0.058,233.08
,,,2025-10-18 10:40:49,IRA,34.0,0.128,
,,,2025-10-18 10:40:49,USD,32.0,0.118,103.16
,,,2025-10-18 10:40:49,ETF,28.0,0.063,
,,,2025-10-18 10:40:50,CEO,27.0,0.082,
,,,2025-10-18 10:40:50,EPS,26.0,0.04,68.36
,,,2025-10-18 10:40:50,NVDA,21.0,0.088,183.22
,,,2025-10-18 10:40:50,SPY,20.0,0.051,664.39
,,,2025-10-18 11:29:53,AI,224.0,0.08,17.71
,,,2025-10-18 11:29:53,US,121.0,0.075,
,,,2025-10-18 11:29:53,AMD,40.0,0.058,233.08
,,,2025-10-18 11:29:53,IRA,34.0,0.128,
,,,2025-10-18 11:29:53,USD,32.0,0.118,103.16
,,,2025-10-18 11:29:53,ETF,28.0,0.063,
,,,2025-10-18 11:29:54,CEO,27.0,0.083,
,,,2025-10-18 11:29:54,EPS,26.0,0.04,68.36
,,,2025-10-18 11:29:54,NVDA,21.0,0.088,183.22
,,,2025-10-18 11:29:54,SPY,20.0,0.051,664.39
,,,2025-10-18 11:45:35,AI,224.0,0.08,17.71
,,,2025-10-18 11:45:36,US,121.0,0.075,
,,,2025-10-18 11:45:36,AMD,40.0,0.058,233.08
,,,2025-10-18 11:45:36,IRA,34.0,0.128,
,,,2025-10-18 11:45:36,USD,32.0,0.118,103.16
,,,2025-10-18 11:45:36,ETF,28.0,0.063,
,,,2025-10-18 11:45:37,CEO,27.0,0.083,
,,,2025-10-18 11:45:37,EPS,26.0,0.04,68.36
,,,2025-10-18 11:45:37,NVDA,21.0,0.088,183.22
,,,2025-10-18 11:45:37,SPY,20.0,0.051,664.39
,,,2025-10-18 13:10:16,AI,226.0,0.082,17.71
,,,2025-10-18 13:10:16,US,121.0,0.075,
,,,2025-10-18 13:10:16,AMD,40.0,0.058,233.08
,,,2025-10-18 13:10:16,IRA,34.0,0.128,
,,,2025-10-18 13:10:16,USD,32.0,0.118,103.16
,,,2025-10-18 13:10:17,ETF,28.0,0.063,
,,,2025-10-18 13:10:18,CEO,27.0,0.083,
,,,2025-10-18 13:10:18,EPS,26.0,0.04,68.36
,,,2025-10-18 13:10:18,NVDA,21.0,0.088,183.22
,,,2025-10-18 13:10:18,SPY,20.0,0.051,664.39
,,,2025-10-18 13:46:06,AI,226.0,0.082,17.71
,,,2025-10-18 13:46:06,US,121.0,0.075,
,,,2025-10-18 13:46:06,AMD,42.0,0.076,233.08
,,,2025-10-18 13:46:07,IRA,34.0,0.128,
,,,2025-10-18 13:46:07,USD,32.0,0.118,103.16
,,,2025-10-18 13:46:07,ETF,28.0,0.063,
,,,2025-10-18 13:46:07,CEO,27.0,0.083,
,,,2025-10-18 13:46:07,EPS,26.0,0.04,68.36
,,,2025-10-18 13:46:07,NVDA,21.0,0.088,183.22
,,,2025-10-18 13:46:08,SPY,20.0,0.051,664.39
,,,2025-10-18 14:37:19,AI,226.0,0.082,17.71
,,,2025-10-18 14:37:19,US,121.0,0.075,
,,,2025-10-18 14:37:19,AMD,40.0,0.058,233.08
,,,2025-10-18 14:37:19,IRA,33.0,0.123,
,,,2025-10-18 14:37:20,USD,32.0,0.118,103.16
,,,2025-10-18 14:37:20,ETF,28.0,0.063,
,,,2025-10-18 14:37:20,CEO,27.0,0.083,
,,,2025-10-18 14:37:20,EPS,26.0,0.04,68.36
,,,2025-10-18 14:37:21,NVDA,21.0,0.088,183.22
,,,2025-10-18 14:37:21,SPY,20.0,0.051,664.39
,,,2025-10-18 15:34:37,AI,252.0,0.08,17.71
,,,2025-10-18 15:34:37,US,121.0,0.075,
,,,2025-10-18 15:34:37,AMD,40.0,0.058,233.08
,,,2025-10-18 15:34:38,IRA,33.0,0.123,
,,,2025-10-18 15:34:38,USD,32.0,0.118,103.16
,,,2025-10-18 15:34:38,ETF,28.0,0.063,
,,,2025-10-18 15:34:38,CEO,27.0,0.083,
,,,2025-10-18 15:34:38,EPS,26.0,0.04,68.36
,,,2025-10-18 15:34:39,NVDA,21.0,0.088,183.22
,,,2025-10-18 15:34:39,SPY,20.0,0.051,664.39
,,,2025-10-18 15:41:13,AI,252.0,0.08,17.71
,,,2025-10-18 15:41:13,US,121.0,0.075,
,,,2025-10-18 15:41:13,AMD,40.0,0.058,233.08
,,,2025-10-18 15:41:13,IRA,33.0,0.123,
,,,2025-10-18 15:41:13,USD,32.0,0.118,103.16
,,,2025-10-18 15:41:13,ETF,28.0,0.063,
,,,2025-10-18 15:41:14,CEO,27.0,0.083,
,,,2025-10-18 15:41:15,EPS,26.0,0.04,68.36
,,,2025-10-18 15:41:15,NVDA,21.0,0.088,183.22
,,,2025-10-18 15:41:15,SPY,20.0,0.051,664.39
,,,2025-10-18 16:45:18,AI,254.0,0.08,17.71
,,,2025-10-18 16:45:18,US,119.0,0.076,
,,,2025-10-18 16:45:18,AMD,40.0,0.058,233.08
,,,2025-10-18 16:45:18,IRA,33.0,0.123,
,,,2025-10-18 16:45:18,USD,32.0,0.118,103.16
,,,2025-10-18 16:45:18,ETF,28.0,0.063,
,,,2025-10-18 16:45:19,CEO,27.0,0.083,
,,,2025-10-18 16:45:19,EPS,26.0,0.04,68.36
,,,2025-10-18 16:45:19,NVDA,21.0,0.088,183.22
,,,2025-10-18 16:45:19,SPY,20.0,0.051,664.39
,,,2025-10-18 17:34:12,AI,244.0,0.082,17.71
,,,2025-10-18 17:34:12,US,122.0,0.078,
,,,2025-10-18 17:34:12,AMD,40.0,0.058,233.08
,,,2025-10-18 17:34:12,IRA,33.0,0.123,
,,,2025-10-18 17:34:12,USD,32.0,0.118,103.16
,,,2025-10-18 17:34:13,ETF,28.0,0.063,
,,,2025-10-18 17:34:13,CEO,27.0,0.083,
,,,2025-10-18 17:34:14,EPS,26.0,0.04,68.36
,,,2025-10-18 17:34:14,NVDA,21.0,0.088,183.22
,,,2025-10-18 17:34:14,SPY,20.0,0.051,664.39
,,,2025-10-18 17:46:00,AI,244.0,0.082,17.71
,,,2025-10-18 17:46:00,US,122.0,0.078,
,,,2025-10-18 17:46:00,AMD,39.0,0.057,233.08
,,,2025-10-18 17:46:00,IRA,33.0,0.123,
,,,2025-10-18 17:46:00,USD,32.0,0.118,103.16
,,,2025-10-18 17:46:01,ETF,28.0,0.063,
,,,2025-10-18 17:46:01,CEO,27.0,0.083,
,,,2025-10-18 17:46:01,EPS,26.0,0.04,68.36
,,,2025-10-18 17:46:01,NVDA,21.0,0.088,183.22
,,,2025-10-18 17:46:02,SPY,20.0,0.051,664.39
,,,2025-10-18 18:47:39,AI,247.0,0.081,17.71
,,,2025-10-18 18:47:40,US,120.0,0.078,
,,,2025-10-18 18:47:40,AMD,39.0,0.057,233.08
,,,2025-10-18 18:47:40,IRA,33.0,0.123,
,,,2025-10-18 18:47:40,USD,32.0,0.118,103.16
,,,2025-10-18 18:47:40,ETF,30.0,0.059,
,,,2025-10-18 18:47:41,CEO,27.0,0.083,
,,,2025-10-18 18:47:41,EPS,26.0,0.04,68.36
,,,2025-10-18 18:47:41,NVDA,21.0,0.088,183.22
,,,2025-10-18 18:47:41,SPY,20.0,0.051,664.39
,,,2025-10-18 19:22:43,AI,247.0,0.081,17.71
,,,2025-10-18 19:22:43,US,120.0,0.078,
,,,2025-10-18 19:22:43,AMD,39.0,0.057,233.08
,,,2025-10-18 19:22:43,IRA,33.0,0.123,
,,,2025-10-18 19:22:43,USD,32.0,0.118,103.16
,,,2025-10-18 19:22:43,ETF,30.0,0.059,
,,,2025-10-18 19:22:43,CEO,27.0,0.083,
,,,2025-10-18 19:22:44,EPS,26.0,0.04,68.36
,,,2025-10-18 19:22:44,NVDA,22.0,0.086,183.22
,,,2025-10-18 19:22:44,SPY,20.0,0.051,664.39
,,,2025-10-18 19:39:24,AI,247.0,0.081,17.71
,,,2025-10-18 19:39:25,US,120.0,0.078,
,,,2025-10-18 19:39:25,AMD,39.0,0.057,233.08
,,,2025-10-18 19:39:25,IRA,34.0,0.128,
,,,2025-10-18 19:39:25,USD,32.0,0.118,103.16
,,,2025-10-18 19:39:26,ETF,30.0,0.059,
,,,2025-10-18 19:39:27,CEO,26.0,0.086,
,,,2025-10-18 19:39:27,EPS,26.0,0.04,68.36
,,,2025-10-18 19:39:27,NVDA,22.0,0.086,183.22
,,,2025-10-18 19:39:27,SPY,20.0,0.051,664.39
,,,2025-10-18 20:33:44,AI,247.0,0.081,17.71
,,,2025-10-18 20:33:45,US,121.0,0.079,
,,,2025-10-18 20:33:45,AMD,39.0,0.057,233.08
,,,2025-10-18 20:33:45,IRA,34.0,0.128,
,,,2025-10-18 20:33:45,USD,32.0,0.118,103.16
,,,2025-10-18 20:33:45,ETF,30.0,0.059,
,,,2025-10-18 20:33:46,CEO,26.0,0.086,
,,,2025-10-18 20:33:46,EPS,26.0,0.04,68.36
,,,2025-10-18 20:33:46,NVDA,22.0,0.086,183.22
,,,2025-10-18 20:33:46,SPY,20.0,0.051,664.39
,,,2025-10-18 21:27:33,AI,246.0,0.081,17.71
,,,2025-10-18 21:27:33,US,121.0,0.079,
,,,2025-10-18 21:27:33,AMD,39.0,0.057,233.08
,,,2025-10-18 21:27:33,IRA,34.0,0.128,
,,,2025-10-18 21:27:33,USD,32.0,0.118,103.16
,,,2025-10-18 21:27:34,ETF,30.0,0.059,
,,,2025-10-18 21:27:34,CEO,26.0,0.086,
,,,2025-10-18 21:27:34,EPS,26.0,0.04,68.36
,,,2025-10-18 21:27:34,NVDA,21.0,0.078,183.22
,,,2025-10-18 21:27:35,SPY,20.0,0.051,664.39
,,,2025-10-18 21:39:30,AI,245.0,0.082,17.71
,,,2025-10-18 21:39:30,US,121.0,0.079,
,,,2025-10-18 21:39:30,AMD,39.0,0.057,233.08
,,,2025-10-18 21:39:30,IRA,34.0,0.128,
,,,2025-10-18 21:39:30,USD,32.0,0.118,103.16
,,,2025-10-18 21:39:31,ETF,30.0,0.059,
,,,2025-10-18 21:39:31,CEO,26.0,0.086,
,,,2025-10-18 21:39:31,EPS,26.0,0.04,68.36
,,,2025-10-18 21:39:32,NVDA,21.0,0.078,183.22
,,,2025-10-18 21:39:32,SPY,20.0,0.051,664.39
,,,2025-10-18 22:33:17,AI,261.0,0.087,17.71
,,,2025-10-18 22:33:18,US,121.0,0.079,
,,,2025-10-18 22:33:18,AMD,39.0,0.057,233.08
,,,2025-10-18 22:33:18,IRA,34.0,0.128,
,,,2025-10-18 22:33:18,USD,32.0,0.118,103.16
,,,2025-10-18 22:33:18,ETF,30.0,0.059,
,,,2025-10-18 22:33:18,CEO,26.0,0.086,
,,,2025-10-18 22:33:18,EPS,26.0,0.04,68.36
,,,2025-10-18 22:33:18,NVDA,21.0,0.078,183.22
,,,2025-10-18 22:33:19,SPY,20.0,0.051,664.39
,,,2025-10-18 23:28:35,AI,254.0,0.083,17.71
,,,2025-10-18 23:28:35,US,121.0,0.079,
,,,2025-10-18 23:28:35,AMD,39.0,0.057,233.08
,,,2025-10-18 23:28:35,IRA,34.0,0.124,
,,,2025-10-18 23:28:36,USD,32.0,0.118,103.16
,,,2025-10-18 23:28:36,ETF,30.0,0.059,
,,,2025-10-18 23:28:37,CEO,26.0,0.086,
,,,2025-10-18 23:28:37,EPS,26.0,0.04,68.36
,,,2025-10-18 23:28:37,SPY,20.0,0.051,664.39
,,,2025-10-18 23:28:38,NVDA,20.0,0.07,183.22
,,,2025-10-18 23:41:13,AI,254.0,0.083,17.71
,,,2025-10-18 23:41:13,US,121.0,0.079,
,,,2025-10-18 23:41:14,AMD,39.0,0.057,233.08
,,,2025-10-18 23:41:14,IRA,34.0,0.124,
,,,2025-10-18 23:41:14,USD,32.0,0.118,103.16
,,,2025-10-18 23:41:14,ETF,30.0,0.059,
,,,2025-10-18 23:41:15,CEO,26.0,0.086,
,,,2025-10-18 23:41:15,EPS,26.0,0.04,68.36
,,,2025-10-18 23:41:15,SPY,20.0,0.051,664.39
,,,2025-10-18 23:41:16,NVDA,20.0,0.07,183.22
,,,2025-10-19 03:38:45,AI,254.0,0.083,17.71
,,,2025-10-19 03:38:45,US,122.0,0.079,
,,,2025-10-19 03:38:45,AMD,39.0,0.057,233.08
,,,2025-10-19 03:38:45,IRA,34.0,0.126,
,,,2025-10-19 03:38:45,USD,32.0,0.118,103.16
,,,2025-10-19 03:38:45,ETF,30.0,0.059,
,,,2025-10-19 03:38:46,CEO,26.0,0.086,
,,,2025-10-19 03:38:46,EPS,26.0,0.04,68.36
,,,2025-10-19 03:38:46,SPY,20.0,0.051,664.39
,,,2025-10-19 03:38:46,NVDA,20.0,0.07,183.22
,,,2025-10-19 04:41:48,AI,256.0,0.082,17.71
,,,2025-10-19 04:41:48,US,122.0,0.079,
,,,2025-10-19 04:41:48,AMD,39.0,0.057,233.08
,,,2025-10-19 04:41:48,IRA,34.0,0.126,
,,,2025-10-19 04:41:48,USD,32.0,0.118,103.16
,,,2025-10-19 04:41:49,ETF,30.0,0.059,
,,,2025-10-19 04:41:49,CEO,26.0,0.086,
,,,2025-10-19 04:41:49,EPS,26.0,0.04,68.36
,,,2025-10-19 04:41:49,SPY,20.0,0.051,664.39
,,,2025-10-19 04:41:50,NVDA,20.0,0.07,183.22
,,,2025-10-19 05:36:28,AI,258.0,0.084,17.71
,,,2025-10-19 05:36:28,US,122.0,0.079,
,,,2025-10-19 05:36:28,AMD,39.0,0.057,233.08
,,,2025-10-19 05:36:29,IRA,34.0,0.126,
,,,2025-10-19 05:36:29,USD,32.0,0.118,103.16
,,,2025-10-19 05:36:29,ETF,30.0,0.059,
,,,2025-10-19 05:36:30,CEO,26.0,0.086,
,,,2025-10-19 05:36:30,EPS,22.0,0.041,68.36
,,,2025-10-19 05:36:30,SPY,20.0,0.051,664.39
,,,2025-10-19 05:36:30,NVDA,20.0,0.07,183.22
,,,2025-10-19 06:47:41,AI,258.0,0.084,17.71
,,,2025-10-19 06:47:41,US,122.0,0.079,
,,,2025-10-19 06:47:41,AMD,39.0,0.057,233.08
,,,2025-10-19 06:47:42,IRA,34.0,0.126,
,,,2025-10-19 06:47:42,USD,32.0,0.118,103.16
,,,2025-10-19 06:47:42,ETF,30.0,0.059,
,,,2025-10-19 06:47:43,CEO,26.0,0.086,
,,,2025-10-19 06:47:43,EPS,22.0,0.041,68.36
,,,2025-10-19 06:47:43,SPY,20.0,0.051,664.39
,,,2025-10-19 06:47:44,NVDA,20.0,0.07,183.22
,,,2025-10-19 07:27:12,AI,258.0,0.084,17.71
,,,2025-10-19 07:27:12,US,122.0,0.079,
,,,2025-10-19 07:27:12,AMD,39.0,0.057,233.08
,,,2025-10-19 07:27:12,IRA,34.0,0.126,
,,,2025-10-19 07:27:12,USD,32.0,0.118,103.16
,,,2025-10-19 07:27:12,ETF,30.0,0.059,
,,,2025-10-19 07:27:12,CEO,26.0,0.086,
,,,2025-10-19 07:27:12,EPS,22.0,0.041,68.36
,,,2025-10-19 07:27:13,SPY,20.0,0.051,664.39
,,,2025-10-19 07:27:13,NVDA,20.0,0.07,183.22
,,,2025-10-19 07:39:13,AI,258.0,0.084,17.71
,,,2025-10-19 07:39:13,US,122.0,0.079,
,,,2025-10-19 07:39:13,AMD,39.0,0.057,233.08
,,,2025-10-19 07:39:13,IRA,34.0,0.126,
,,,2025-10-19 07:39:13,USD,32.0,0.118,103.16
,,,2025-10-19 07:39:13,ETF,30.0,0.059,
,,,2025-10-19 07:39:14,CEO,26.0,0.086,
,,,2025-10-19 07:39:14,EPS,22.0,0.041,68.36
,,,2025-10-19 07:39:14,SPY,20.0,0.051,664.39
,,,2025-10-19 07:39:14,NVDA,20.0,0.07,183.22
,,,2025-10-19 08:40:03,AI,258.0,0.084,17.71
,,,2025-10-19 08:40:04,US,123.0,0.078,
,,,2025-10-19 08:40:04,AMD,39.0,0.057,233.08
,,,2025-10-19 08:40:04,IRA,34.0,0.126,
,,,2025-10-19 08:40:04,ETF,30.0,0.059,
,,,2025-10-19 08:40:05,USD,27.0,0.121,103.16
,,,2025-10-19 08:40:05,CEO,26.0,0.086,
,,,2025-10-19 08:40:05,EPS,22.0,0.041,68.36
,,,2025-10-19 08:40:06,SPY,20.0,0.051,664.39
,,,2025-10-19 08:40:06,NVDA,20.0,0.07,183.22
,,,2025-10-19 09:29:21,AI,259.0,0.084,17.71
,,,2025-10-19 09:29:21,US,123.0,0.078,
,,,2025-10-19 09:29:21,AMD,39.0,0.057,233.08
,,,2025-10-19 09:29:21,IRA,34.0,0.126,
,,,2025-10-19 09:29:21,ETF,30.0,0.059,
,,,2025-10-19 09:29:21,USD,27.0,0.121,103.16
,,,2025-10-19 09:29:21,CEO,26.0,0.086,
,,,2025-10-19 09:29:22,EPS,22.0,0.041,68.36
,,,2025-10-19 09:29:22,SPY,20.0,0.051,664.39
,,,2025-10-19 09:29:22,NVDA,20.0,0.07,183.22
,,,2025-10-19 09:41:35,AI,259.0,0.084,17.71
,,,2025-10-19 09:41:35,US,123.0,0.078,
,,,2025-10-19 09:41:35,AMD,39.0,0.057,233.08
,,,2025-10-19 09:41:35,IRA,34.0,0.126,
,,,2025-10-19 09:41:36,ETF,30.0,0.059,
,,,2025-10-19 09:41:36,USD,27.0,0.121,103.16
,,,2025-10-19 09:41:36,CEO,26.0,0.086,
,,,2025-10-19 09:41:36,EPS,22.0,0.041,68.36
,,,2025-10-19 09:41:36,SPY,20.0,0.051,664.39
,,,2025-10-19 09:41:37,NVDA,20.0,0.07,183.22
,,,2025-10-19 10:35:18,AI,259.0,0.084,17.71
,,,2025-10-19 10:35:18,US,123.0,0.078,
,,,2025-10-19 10:35:19,AMD,35.0,0.042,233.08
,,,2025-10-19 10:35:19,IRA,34.0,0.126,
,,,2025-10-19 10:35:19,ETF,30.0,0.059,
,,,2025-10-19 10:35:19,CEO,27.0,0.086,
,,,2025-10-19 10:35:19,USD,27.0,0.121,103.16
,,,2025-10-19 10:35:19,NEXT,26.0,0.086,6.1
,,,2025-10-19 10:35:19,EPS,22.0,0.041,68.36
,,,2025-10-19 10:35:20,SPY,20.0,0.051,664.39
,,,2025-10-19 11:24:15,AI,274.0,0.087,17.71
,,,2025-10-19 11:24:15,US,124.0,0.078,
,,,2025-10-19 11:24:15,AMD,39.0,0.057,233.08
,,,2025-10-19 11:24:15,IRA,34.0,0.126,
,,,2025-10-19 11:24:15,ETF,30.0,0.059,
,,,2025-10-19 11:24:16,CEO,27.0,0.086,
,,,2025-10-19 11:24:16,USD,27.0,0.121,103.16
,,,2025-10-19 11:24:17,NEXT,26.0,0.086,6.1
,,,2025-10-19 11:24:17,EPS,22.0,0.041,68.36
,,,2025-10-19 11:24:17,SPY,20.0,0.051,664.39
,,,2025-10-19 11:40:44,AI,287.0,0.087,17.71
,,,2025-10-19 11:40:44,US,124.0,0.078,
,,,2025-10-19 11:40:44,AMD,42.0,0.06,233.08
,,,2025-10-19 11:40:45,CEO,34.0,0.088,
,,,2025-10-19 11:40:45,IRA,34.0,0.126,
,,,2025-10-19 11:40:45,ETF,30.0,0.059,
,,,2025-10-19 11:40:45,USD,27.0,0.121,103.16
,,,2025-10-19 11:40:45,NEXT,26.0,0.086,6.1
,,,2025-10-19 11:40:45,DOCN,24.0,0.085,41.41
,,,2025-10-19 11:40:45,NVDA,22.0,0.073,183.22
,,,2025-10-19 13:10:35,AI,289.0,0.088,17.71
,,,2025-10-19 13:10:35,US,124.0,0.078,
,,,2025-10-19 13:10:35,AMD,42.0,0.06,233.08
,,,2025-10-19 13:10:36,CEO,34.0,0.088,
,,,2025-10-19 13:10:36,IRA,34.0,0.126,
,,,2025-10-19 13:10:36,ETF,29.0,0.059,
,,,2025-10-19 13:10:36,USD,27.0,0.121,103.16
,,,2025-10-19 13:10:36,NEXT,26.0,0.086,6.1
,,,2025-10-19 13:10:36,DOCN,24.0,0.085,41.41
,,,2025-10-19 13:10:37,NVDA,22.0,0.073,183.22
,,,2025-10-19 13:46:27,AI,288.0,0.088,17.71
,,,2025-10-19 13:46:27,US,124.0,0.078,
,,,2025-10-19 13:46:27,AMD,42.0,0.06,233.08
,,,2025-10-19 13:46:27,CEO,34.0,0.088,
,,,2025-10-19 13:46:27,IRA,34.0,0.126,
,,,2025-10-19 13:46:28,ETF,29.0,0.059,
,,,2025-10-19 13:46:28,USD,27.0,0.121,103.16
,,,2025-10-19 13:46:28,NEXT,26.0,0.086,6.1
,,,2025-10-19 13:46:28,DOCN,24.0,0.085,41.41
,,,2025-10-19 13:46:28,NVDA,22.0,0.073,183.22
,,,2025-10-19 14:37:15,AI,288.0,0.088,17.71
,,,2025-10-19 14:37:15,US,124.0,0.078,
,,,2025-10-19 14:37:16,AMD,42.0,0.06,233.08
,,,2025-10-19 14:37:17,CEO,34.0,0.088,
,,,2025-10-19 14:37:17,IRA,34.0,0.126,
,,,2025-10-19 14:37:17,ETF,29.0,0.059,
,,,2025-10-19 14:37:17,USD,27.0,0.121,103.16
,,,2025-10-19 14:37:18,NEXT,26.0,0.086,6.1
,,,2025-10-19 14:37:18,DOCN,24.0,0.085,41.41
,,,2025-10-19 14:37:18,NVDA,22.0,0.073,183.22
,,,2025-10-19 15:35:33,AI,301.0,0.086,17.71
,,,2025-10-19 15:35:33,US,124.0,0.078,
,,,2025-10-19 15:35:33,AMD,38.0,0.046,233.08
,,,2025-10-19 15:35:33,CEO,34.0,0.088,
,,,2025-10-19 15:35:33,IRA,34.0,0.126,
,,,2025-10-19 15:35:33,ETF,29.0,0.059,
,,,2025-10-19 15:35:33,USD,27.0,0.121,103.16
,,,2025-10-19 15:35:34,NEXT,26.0,0.086,6.1
,,,2025-10-19 15:35:34,DOCN,24.0,0.085,41.41
,,,2025-10-19 15:35:34,NVDA,24.0,0.079,183.22
,,,2025-10-19 15:46:36,AI,301.0,0.086,17.71
,,,2025-10-19 15:46:36,US,130.0,0.077,
,,,2025-10-19 15:46:36,AMD,38.0,0.046,233.08
,,,2025-10-19 15:46:36,CEO,34.0,0.088,
,,,2025-10-19 15:46:36,IRA,34.0,0.126,
,,,2025-10-19 15:46:36,ETF,29.0,0.059,
,,,2025-10-19 15:46:37,USD,27.0,0.121,103.16
,,,2025-10-19 15:46:37,NEXT,26.0,0.086,6.1
,,,2025-10-19 15:46:37,DOCN,24.0,0.085,41.41
,,,2025-10-19 15:46:37,NVDA,24.0,0.079,183.22
,,,2025-10-19 16:45:44,AI,307.0,0.084,17.71
,,,2025-10-19 16:45:44,US,130.0,0.077,
,,,2025-10-19 16:45:44,AMD,38.0,0.046,233.08
,,,2025-10-19 16:45:45,CEO,34.0,0.088,
,,,2025-10-19 16:45:45,IRA,34.0,0.126,
,,,2025-10-19 16:45:45,ETF,29.0,0.059,
,,,2025-10-19 16:45:45,USD,27.0,0.121,103.16
,,,2025-10-19 16:45:45,NEXT,26.0,0.086,6.1
,,,2025-10-19 16:45:45,DOCN,24.0,0.085,41.41
,,,2025-10-19 16:45:45,NVDA,24.0,0.079,183.22
,,,2025-10-19 17:34:54,AI,292.0,0.083,17.71
,,,2025-10-19 17:34:54,US,130.0,0.077,
,,,2025-10-19 17:34:54,AMD,35.0,0.042,233.08
,,,2025-10-19 17:34:54,IRA,34.0,0.126,
,,,2025-10-19 17:34:54,ETF,29.0,0.059,
,,,2025-10-19 17:34:55,CEO,28.0,0.088,
,,,2025-10-19 17:34:55,USD,27.0,0.121,103.16
,,,2025-10-19 17:34:55,NEXT,26.0,0.086,6.1
,,,2025-10-19 17:34:55,NVDA,23.0,0.08,183.22
,,,2025-10-19 17:34:55,SPY,22.0,0.063,664.39
,,,2025-10-19 17:41:28,AI,292.0,0.083,17.71
,,,2025-10-19 17:41:28,US,130.0,0.077,
,,,2025-10-19 17:41:28,AMD,35.0,0.042,233.08
,,,2025-10-19 17:41:28,IRA,34.0,0.126,
,,,2025-10-19 17:41:28,ETF,29.0,0.059,
,,,2025-10-19 17:41:28,CEO,28.0,0.088,
,,,2025-10-19 17:41:29,USD,27.0,0.121,103.16
,,,2025-10-19 17:41:29,NEXT,26.0,0.086,6.1
,,,2025-10-19 17:41:29,NVDA,23.0,0.08,183.22
,,,2025-10-19 17:41:29,SPY,22.0,0.063,664.39
,,,2025-10-19 18:43:52,AI,288.0,0.084,17.71
,,,2025-10-19 18:43:52,US,130.0,0.077,
,,,2025-10-19 18:43:52,AMD,35.0,0.042,233.08
,,,2025-10-19 18:43:52,IRA,33.0,0.132,
,,,2025-10-19 18:43:52,ETF,29.0,0.059,
,,,2025-10-19 18:43:53,CEO,28.0,0.083,
,,,2025-10-19 18:43:53,USD,27.0,0.121,103.16
,,,2025-10-19 18:43:53,NEXT,26.0,0.086,6.1
,,,2025-10-19 18:43:53,NVDA,22.0,0.078,183.22
,,,2025-10-19 18:43:53,SPY,22.0,0.063,664.39
,,,2025-10-19 19:23:07,AI,288.0,0.084,17.71
,,,2025-10-19 19:23:07,US,130.0,0.077,
,,,2025-10-19 19:23:07,AMD,35.0,0.042,233.08
,,,2025-10-19 19:23:08,IRA,33.0,0.132,
,,,2025-10-19 19:23:08,ETF,29.0,0.059,
,,,2025-10-19 19:23:08,CEO,28.0,0.083,
,,,2025-10-19 19:23:08,USD,27.0,0.121,103.16
,,,2025-10-19 19:23:09,NEXT,26.0,0.086,6.1
,,,2025-10-19 19:23:09,NVDA,22.0,0.078,183.22
,,,2025-10-19 19:23:09,SPY,22.0,0.063,664.39
,,,2025-10-19 19:40:25,AI,288.0,0.084,17.71
,,,2025-10-19 19:40:25,US,130.0,0.077,
,,,2025-10-19 19:40:26,AMD,35.0,0.042,233.08
,,,2025-10-19 19:40:26,IRA,33.0,0.132,
,,,2025-10-19 19:40:26,ETF,29.0,0.059,
,,,2025-10-19 19:40:27,CEO,28.0,0.083,
,,,2025-10-19 19:40:27,USD,27.0,0.121,103.16
,,,2025-10-19 19:40:28,NEXT,26.0,0.086,6.1
,,,2025-10-19 19:40:28,SPY,22.0,0.063,664.39
,,,2025-10-19 19:40:28,NVDA,22.0,0.078,183.22
,,,2025-10-19 20:34:21,AI,287.0,0.084,17.71
,,,2025-10-19 20:34:21,US,130.0,0.077,
,,,2025-10-19 20:34:21,AMD,35.0,0.042,233.08
,,,2025-10-19 20:34:21,IRA,33.0,0.132,
,,,2025-10-19 20:34:21,ETF,29.0,0.059,
,,,2025-10-19 20:34:22,CEO,28.0,0.083,
,,,2025-10-19 20:34:22,USD,27.0,0.121,103.16
,,,2025-10-19 20:34:22,NEXT,26.0,0.086,6.1
,,,2025-10-19 20:34:22,SPY,22.0,0.063,664.39
,,,2025-10-19 20:34:22,NVDA,22.0,0.078,183.22
,,,2025-10-19 21:27:37,AI,287.0,0.084,17.71
,,,2025-10-19 21:27:37,US,130.0,0.077,
,,,2025-10-19 21:27:37,AMD,35.0,0.042,233.08
,,,2025-10-19 21:27:37,IRA,33.0,0.132,
,,,2025-10-19 21:27:37,CEO,28.0,0.083,
,,,2025-10-19 21:27:37,ETF,28.0,0.079,
,,,2025-10-19 21:27:37,USD,27.0,0.121,103.16
,,,2025-10-19 21:27:38,NEXT,26.0,0.086,6.1
,,,2025-10-19 21:27:38,SPY,22.0,0.063,664.39
,,,2025-10-19 21:27:38,NVDA,22.0,0.078,183.22
,,,2025-10-19 21:40:41,AI,287.0,0.084,17.71
,,,2025-10-19 21:40:42,US,130.0,0.077,
,,,2025-10-19 21:40:42,AMD,35.0,0.042,233.08
,,,2025-10-19 21:40:42,IRA,33.0,0.132,
,,,2025-10-19 21:40:43,CEO,28.0,0.083,
,,,2025-10-19 21:40:43,ETF,28.0,0.079,
,,,2025-10-19 21:40:43,USD,27.0,0.121,103.16
,,,2025-10-19 21:40:43,NEXT,26.0,0.086,6.1
,,,2025-10-19 21:40:44,SPY,22.0,0.063,664.39
,,,2025-10-19 21:40:44,NVDA,22.0,0.078,183.22
,,,2025-10-19 22:34:15,AI,282.0,0.084,17.71
,,,2025-10-19 22:34:16,US,130.0,0.077,
,,,2025-10-19 22:34:16,AMD,35.0,0.042,233.08
,,,2025-10-19 22:34:16,IRA,33.0,0.132,
,,,2025-10-19 22:34:17,CEO,28.0,0.083,
,,,2025-10-19 22:34:17,ETF,28.0,0.079,
,,,2025-10-19 22:34:18,USD,27.0,0.121,103.16
,,,2025-10-19 22:34:18,NEXT,26.0,0.086,6.1
,,,2025-10-19 22:34:18,SPY,22.0,0.063,664.39
,,,2025-10-19 22:34:18,NVDA,22.0,0.078,183.22
,,,2025-10-19 23:28:54,AI,283.0,0.083,17.71
,,,2025-10-19 23:28:54,US,130.0,0.077,
,,,2025-10-19 23:28:54,AMD,35.0,0.042,233.08
,,,2025-10-19 23:28:54,IRA,35.0,0.147,
,,,2025-10-19 23:28:55,CEO,28.0,0.083,
,,,2025-10-19 23:28:55,ETF,28.0,0.079,
,,,2025-10-19 23:28:55,USD,27.0,0.121,103.16
,,,2025-10-19 23:28:55,NEXT,26.0,0.086,6.1
,,,2025-10-19 23:28:55,SPY,22.0,0.063,664.39
,,,2025-10-19 23:28:55,NVDA,22.0,0.077,183.22
,,,2025-10-19 23:41:45,AI,283.0,0.083,17.71
,,,2025-10-19 23:41:45,US,130.0,0.077,
,,,2025-10-19 23:41:45,AMD,35.0,0.042,233.08
,,,2025-10-19 23:41:45,IRA,35.0,0.147,
,,,2025-10-19 23:41:45,CEO,28.0,0.083,
,,,2025-10-19 23:41:45,ETF,28.0,0.079,
,,,2025-10-19 23:41:46,USD,27.0,0.121,103.16
,,,2025-10-19 23:41:46,NEXT,26.0,0.086,6.1
,,,2025-10-19 23:41:46,SPY,22.0,0.063,664.39
,,,2025-10-19 23:41:46,NVDA,22.0,0.077,183.22
,,,2025-10-20 03:40:22,AI,279.0,0.083,17.71
,,,2025-10-20 03:40:22,US,130.0,0.077,
,,,2025-10-20 03:40:23,AMD,35.0,0.042,233.08
,,,2025-10-20 03:40:23,IRA,33.0,0.132,
,,,2025-10-20 03:40:24,CEO,28.0,0.083,
,,,2025-10-20 03:40:24,ETF,28.0,0.079,
,,,2025-10-20 03:40:24,USD,27.0,0.121,103.16
,,,2025-10-20 03:40:24,NEXT,26.0,0.086,6.1
,,,2025-10-20 03:40:25,SPY,22.0,0.063,664.39
,,,2025-10-20 03:40:25,NVDA,22.0,0.077,183.22
,,,2025-10-20 04:44:08,AI,279.0,0.083,17.71
,,,2025-10-20 04:44:08,US,125.0,0.078,
,,,2025-10-20 04:44:08,AMD,35.0,0.042,233.08
,,,2025-10-20 04:44:08,IRA,33.0,0.132,
,,,2025-10-20 04:44:08,CEO,28.0,0.083,
,,,2025-10-20 04:44:08,ETF,28.0,0.079,
,,,2025-10-20 04:44:08,USD,27.0,0.121,103.16
,,,2025-10-20 04:44:08,NEXT,26.0,0.086,6.1
,,,2025-10-20 04:44:08,EPS,22.0,0.041,68.36
,,,2025-10-20 04:44:09,SPY,21.0,0.066,664.39
,,,2025-10-20 05:20:01,AI,279.0,0.083,17.71
,,,2025-10-20 05:20:01,US,125.0,0.078,
,,,2025-10-20 05:20:02,AMD,35.0,0.042,233.08
,,,2025-10-20 05:20:02,IRA,34.0,0.133,
,,,2025-10-20 05:20:02,CEO,28.0,0.083,
,,,2025-10-20 05:20:02,ETF,28.0,0.079,
,,,2025-10-20 05:20:02,USD,27.0,0.121,103.16
,,,2025-10-20 05:20:02,NEXT,26.0,0.086,6.1
,,,2025-10-20 05:20:03,EPS,22.0,0.041,68.36
,,,2025-10-20 05:20:03,SPY,21.0,0.066,664.39
,,,2025-10-20 06:54:49,AI,274.0,0.079,17.71
,,,2025-10-20 06:54:49,US,125.0,0.078,
,,,2025-10-20 06:54:49,AMD,35.0,0.042,233.08
,,,2025-10-20 06:54:49,ETF,32.0,0.079,
,,,2025-10-20 06:54:49,IRA,30.0,0.12,
,,,2025-10-20 06:54:50,CEO,28.0,0.083,
,,,2025-10-20 06:54:50,USD,27.0,0.121,103.16
,,,2025-10-20 06:54:50,NEXT,26.0,0.086,6.1
,,,2025-10-20 06:54:50,SPY,22.0,0.063,664.39
,,,2025-10-20 06:54:50,NVDA,22.0,0.077,183.22
,,,2025-10-20 07:33:48,AI,274.0,0.079,17.71
,,,2025-10-20 07:33:48,US,125.0,0.078,
,,,2025-10-20 07:33:48,AMD,35.0,0.042,233.08
,,,2025-10-20 07:33:48,ETF,32.0,0.079,
,,,2025-10-20 07:33:48,IRA,30.0,0.12,
,,,2025-10-20 07:33:48,CEO,28.0,0.083,
,,,2025-10-20 07:33:48,USD,27.0,0.121,103.16
,,,2025-10-20 07:33:48,NEXT,26.0,0.086,6.1
,,,2025-10-20 07:33:49,EPS,22.0,0.041,68.36
,,,2025-10-20 07:33:49,SPY,21.0,0.066,664.39
,,,2025-10-20 08:48:58,AI,274.0,0.079,17.71
,,,2025-10-20 08:48:58,US,125.0,0.078,
,,,2025-10-20 08:48:58,AMD,35.0,0.042,233.08
,,,2025-10-20 08:48:58,ETF,32.0,0.079,
,,,2025-10-20 08:48:58,IRA,30.0,0.12,
,,,2025-10-20 08:48:58,CEO,28.0,0.083,
,,,2025-10-20 08:48:58,USD,27.0,0.121,103.16
,,,2025-10-20 08:48:58,NEXT,26.0,0.086,6.1
,,,2025-10-20 08:48:59,EPS,22.0,0.041,68.36
,,,2025-10-20 08:48:59,SPY,21.0,0.066,664.39
,,,2025-10-20 11:29:22,AI,281.0,0.081,17.71
,,,2025-10-20 11:29:22,US,120.0,0.081,
,,,2025-10-20 11:29:22,AMD,35.0,0.042,233.08
,,,2025-10-20 11:29:22,ETF,34.0,0.092,
,,,2025-10-20 11:29:22,IRA,30.0,0.12,
,,,2025-10-20 11:29:22,CEO,28.0,0.083,
,,,2025-10-20 11:29:22,USD,27.0,0.121,103.16
,,,2025-10-20 11:29:22,NEXT,26.0,0.086,6.1
,,,2025-10-20 11:29:23,SPY,21.0,0.066,664.39
,,,2025-10-20 11:29:23,EPS,21.0,0.044,68.36
,,,2025-10-20 11:42:20,AI,272.0,0.085,17.71
,,,2025-10-20 11:42:20,US,120.0,0.081,
,,,2025-10-20 11:42:20,AMD,35.0,0.042,233.08
,,,2025-10-20 11:42:20,ETF,34.0,0.092,
,,,2025-10-20 11:42:20,IRA,30.0,0.12,
,,,2025-10-20 11:42:20,USD,27.0,0.121,103.16
,,,2025-10-20 11:42:20,NEXT,26.0,0.086,6.1
,,,2025-10-20 11:42:21,CEO,26.0,0.092,
,,,2025-10-20 11:42:21,SPY,21.0,0.066,664.39
,,,2025-10-20 11:42:21,EPS,21.0,0.044,68.36
,,,2025-10-20 13:39:13,AI,281.0,0.081,18.38
,,,2025-10-20 13:39:13,US,120.0,0.081,
,,,2025-10-20 13:39:13,AMD,35.0,0.042,237.82
,,,2025-10-20 13:39:13,ETF,34.0,0.092,
,,,2025-10-20 13:39:13,IRA,30.0,0.12,
,,,2025-10-20 13:39:14,CEO,28.0,0.083,
,,,2025-10-20 13:39:14,USD,27.0,0.121,104.9
,,,2025-10-20 13:39:14,NEXT,26.0,0.086,6.11
,,,2025-10-20 13:39:14,SPY,21.0,0.066,668.88
,,,2025-10-20 13:39:14,EPS,21.0,0.044,68.8
,,,2025-10-20 14:41:11,AI,275.0,0.086,18.66
,,,2025-10-20 14:41:11,US,118.0,0.085,
,,,2025-10-20 14:41:11,AMD,38.0,0.058,242.42
,,,2025-10-20 14:41:11,ETF,37.0,0.091,
,,,2025-10-20 14:41:11,IRA,31.0,0.122,
,,,2025-10-20 14:41:11,USD,29.0,0.114,105.45
,,,2025-10-20 14:41:12,NEXT,26.0,0.086,6.06
,,,2025-10-20 14:41:12,CEO,26.0,0.092,
,,,2025-10-20 14:41:12,EPS,25.0,0.037,68.95
,,,2025-10-20 14:41:12,NVDA,20.0,0.089,183.92
,,,2025-10-20 15:35:41,AI,271.0,0.085,18.42
,,,2025-10-20 15:35:41,US,118.0,0.085,
,,,2025-10-20 15:35:41,AMD,38.0,0.058,241.3
,,,2025-10-20 15:35:41,ETF,37.0,0.091,
,,,2025-10-20 15:35:41,IRA,31.0,0.122,
,,,2025-10-20 15:35:42,USD,29.0,0.114,104.97
,,,2025-10-20 15:35:42,NEXT,26.0,0.086,6.09
,,,2025-10-20 15:35:42,CEO,26.0,0.092,
,,,2025-10-20 15:35:42,EPS,25.0,0.037,68.98
,,,2025-10-20 15:35:43,NVDA,20.0,0.089,183.61
,,,2025-10-20 16:48:58,AI,273.0,0.086,18.27
,,,2025-10-20 16:48:58,US,118.0,0.085,
,,,2025-10-20 16:48:58,AMD,38.0,0.058,242.16
,,,2025-10-20 16:48:58,ETF,37.0,0.095,
,,,2025-10-20 16:48:58,IRA,32.0,0.125,
,,,2025-10-20 16:48:58,USD,29.0,0.114,104.67
,,,2025-10-20 16:48:59,NEXT,26.0,0.086,6.14
,,,2025-10-20 16:48:59,CEO,26.0,0.092,
,,,2025-10-20 16:48:59,EPS,23.0,0.044,68.96
,,,2025-10-20 16:48:59,DD,20.0,0.156,80.52
,,,2025-10-20 17:34:20,AI,264.0,0.085,18.33
,,,2025-10-20 17:34:20,US,116.0,0.084,
,,,2025-10-20 17:34:20,AMD,38.0,0.058,241.84
,,,2025-10-20 17:34:20,ETF,37.0,0.095,
,,,2025-10-20 17:34:20,IRA,33.0,0.122,
,,,2025-10-20 17:34:20,USD,30.0,0.121,104.93
,,,2025-10-20 17:34:21,NEXT,26.0,0.086,6.12
,,,2025-10-20 17:34:21,CEO,26.0,0.092,
,,,2025-10-20 17:34:21,EPS,23.0,0.044,69.06
,,,2025-10-20 17:34:21,DD,20.0,0.156,80.45
,,,2025-10-20 18:54:36,AI,273.0,0.086,18.34
,,,2025-10-20 18:54:36,US,120.0,0.084,
,,,2025-10-20 18:54:36,AMD,38.0,0.058,241.16
,,,2025-10-20 18:54:36,ETF,37.0,0.095,
,,,2025-10-20 18:54:36,IRA,33.0,0.122,
,,,2025-10-20 18:54:36,USD,29.0,0.114,104.34
,,,2025-10-20 18:54:36,NEXT,26.0,0.086,6.16
,,,2025-10-20 18:54:37,CEO,26.0,0.092,
,,,2025-10-20 18:54:37,EPS,21.0,0.035,69.06
,,,2025-10-20 18:54:37,DD,20.0,0.156,80.49
,,,2025-10-20 19:28:28,AI,273.0,0.086,18.29
,,,2025-10-20 19:28:28,US,120.0,0.084,
,,,2025-10-20 19:28:28,AMD,38.0,0.058,241.13
,,,2025-10-20 19:28:28,ETF,37.0,0.095,
,,,2025-10-20 19:28:28,IRA,33.0,0.122,
,,,2025-10-20 19:28:28,USD,29.0,0.114,103.83
,,,2025-10-20 19:28:28,NEXT,26.0,0.086,6.14
,,,2025-10-20 19:28:29,CEO,26.0,0.092,
,,,2025-10-20 19:28:29,EPS,23.0,0.044,69.09
,,,2025-10-20 19:28:29,DD,22.0,0.153,80.7
,,,2025-10-20 19:42:09,AI,273.0,0.086,18.36
,,,2025-10-20 19:42:09,US,121.0,0.084,
,,,2025-10-20 19:42:10,AMD,38.0,0.058,241.21
,,,2025-10-20 19:42:10,ETF,37.0,0.095,
,,,2025-10-20 19:42:10,IRA,33.0,0.122,
,,,2025-10-20 19:42:10,USD,29.0,0.114,104.17
,,,2025-10-20 19:42:10,NEXT,26.0,0.086,6.07
,,,2025-10-20 19:42:11,CEO,26.0,0.092,
,,,2025-10-20 19:42:11,EPS,23.0,0.044,69.11
,,,2025-10-20 19:42:11,DD,22.0,0.14,80.79
,,,2025-10-20 20:40:12,AI,272.0,0.084,18.42
,,,2025-10-20 20:40:13,US,122.0,0.085,
,,,2025-10-20 20:40:13,ETF,37.0,0.095,
,,,2025-10-20 20:40:13,AMD,36.0,0.058,240.56
,,,2025-10-20 20:40:13,IRA,32.0,0.119,
,,,2025-10-20 20:40:13,USD,29.0,0.114,103.8
,,,2025-10-20 20:40:14,NEXT,26.0,0.086,6.14
,,,2025-10-20 20:40:15,CEO,26.0,0.092,
,,,2025-10-20 20:40:15,EPS,23.0,0.044,69.03
,,,2025-10-20 20:40:15,DD,22.0,0.14,80.95
,,,2025-10-20 21:31:32,AI,266.0,0.083,18.42
,,,2025-10-20 21:31:32,US,122.0,0.083,
,,,2025-10-20 21:31:32,ETF,37.0,0.095,
,,,2025-10-20 21:31:33,AMD,36.0,0.058,240.56
,,,2025-10-20 21:31:33,IRA,35.0,0.116,
,,,2025-10-20 21:31:33,USD,29.0,0.114,103.8
,,,2025-10-20 21:31:33,NEXT,26.0,0.086,6.14
,,,2025-10-20 21:31:33,EPS,23.0,0.044,69.03
,,,2025-10-20 21:31:33,CEO,23.0,0.089,
,,,2025-10-20 21:31:34,DD,21.0,0.139,80.95
,,,2025-10-20 22:34:32,AI,268.0,0.083,18.42
,,,2025-10-20 22:34:32,US,127.0,0.086,
,,,2025-10-20 22:34:33,AMD,39.0,0.063,240.56
,,,2025-10-20 22:34:33,ETF,37.0,0.095,
,,,2025-10-20 22:34:33,IRA,35.0,0.116,
,,,2025-10-20 22:34:33,USD,29.0,0.114,103.8
,,,2025-10-20 22:34:33,NEXT,26.0,0.086,6.14
,,,2025-10-20 22:34:33,EPS,23.0,0.044,69.03
,,,2025-10-20 22:34:33,CEO,23.0,0.089,
,,,2025-10-20 22:34:34,DD,22.0,0.14,80.95
,,,2025-10-20 23:29:14,AI,256.0,0.084,18.42
,,,2025-10-20 23:29:14,US,122.0,0.084,
,,,2025-10-20 23:29:14,IRA,36.0,0.114,
,,,2025-10-20 23:29:14,ETF,34.0,0.096,
,,,2025-10-20 23:29:14,USD,31.0,0.111,103.8
,,,2025-10-20 23:29:14,AMD,31.0,0.053,240.56
,,,2025-10-20 23:29:14,NEXT,27.0,0.086,6.14
,,,2025-10-20 23:29:15,EPS,23.0,0.044,69.03
,,,2025-10-20 23:29:15,CEO,23.0,0.089,
,,,2025-10-20 23:29:15,DD,22.0,0.141,80.95
,,,2025-10-20 23:41:44,AI,256.0,0.084,18.42
,,,2025-10-20 23:41:44,US,122.0,0.084,
,,,2025-10-20 23:41:44,IRA,36.0,0.114,
,,,2025-10-20 23:41:44,ETF,34.0,0.096,
,,,2025-10-20 23:41:45,USD,31.0,0.111,103.8
,,,2025-10-20 23:41:45,AMD,31.0,0.053,240.56
,,,2025-10-20 23:41:45,NEXT,27.0,0.086,6.14
,,,2025-10-20 23:41:45,EPS,23.0,0.044,69.03
,,,2025-10-20 23:41:47,CEO,23.0,0.089,
,,,2025-10-20 23:41:47,DD,22.0,0.141,80.95
,,,2025-10-21 03:18:59,AI,255.0,0.084,18.42
,,,2025-10-21 03:18:59,US,123.0,0.084,
,,,2025-10-21 03:18:59,IRA,35.0,0.116,
,,,2025-10-21 03:18:59,ETF,34.0,0.096,
,,,2025-10-21 03:18:59,USD,32.0,0.11,103.8
,,,2025-10-21 03:18:59,AMD,31.0,0.053,240.56
,,,2025-10-21 03:19:00,NEXT,26.0,0.086,6.14
,,,2025-10-21 03:19:00,EPS,23.0,0.044,69.03
,,,2025-10-21 03:19:00,CEO,23.0,0.089,
,,,2025-10-21 03:19:00,DD,22.0,0.141,80.95
,,,2025-10-21 03:55:46,AI,255.0,0.084,18.42
,,,2025-10-21 03:55:46,US,122.0,0.084,
,,,2025-10-21 03:55:46,IRA,35.0,0.116,
,,,2025-10-21 03:55:46,ETF,34.0,0.096,
,,,2025-10-21 03:55:46,USD,31.0,0.111,103.8
,,,2025-10-21 03:55:46,AMD,31.0,0.053,240.56
,,,2025-10-21 03:55:46,NEXT,26.0,0.086,6.14
,,,2025-10-21 03:55:46,EPS,23.0,0.044,69.03
,,,2025-10-21 03:55:47,CEO,23.0,0.089,
,,,2025-10-21 03:55:47,DD,22.0,0.141,80.95
,,,2025-10-21 04:41:49,AI,255.0,0.084,18.42
,,,2025-10-21 04:41:49,US,122.0,0.084,
,,,2025-10-21 04:41:49,ETF,35.0,0.095,
,,,2025-10-21 04:41:49,IRA,35.0,0.116,
,,,2025-10-21 04:41:49,USD,31.0,0.111,103.8
,,,2025-10-21 04:41:49,AMD,31.0,0.053,240.56
,,,2025-10-21 04:41:49,NEXT,26.0,0.086,6.14
,,,2025-10-21 04:41:50,EPS,23.0,0.044,69.03
,,,2025-10-21 04:41:50,CEO,23.0,0.089,
,,,2025-10-21 04:41:50,DD,22.0,0.141,80.95
,,,2025-10-21 05:37:52,AI,255.0,0.084,18.42
,,,2025-10-21 05:37:52,US,122.0,0.084,
,,,2025-10-21 05:37:52,IRA,35.0,0.116,
,,,2025-10-21 05:37:52,ETF,34.0,0.096,
,,,2025-10-21 05:37:52,USD,31.0,0.111,103.8
,,,2025-10-21 05:37:52,AMD,31.0,0.053,240.56
,,,2025-10-21 05:37:53,NEXT,26.0,0.086,6.14
,,,2025-10-21 05:37:53,EPS,23.0,0.044,69.03
,,,2025-10-21 05:37:53,CEO,23.0,0.089,
,,,2025-10-21 05:37:54,DD,22.0,0.141,80.95
,,,2025-10-21 06:53:19,AI,255.0,0.084,18.42
,,,2025-10-21 06:53:19,US,122.0,0.085,
,,,2025-10-21 06:53:19,IRA,36.0,0.12,
,,,2025-10-21 06:53:19,ETF,34.0,0.096,
,,,2025-10-21 06:53:19,USD,31.0,0.111,103.8
,,,2025-10-21 06:53:19,AMD,31.0,0.053,240.56
,,,2025-10-21 06:53:19,NEXT,26.0,0.086,6.14
,,,2025-10-21 06:53:20,DD,23.0,0.146,80.95
,,,2025-10-21 06:53:20,EPS,23.0,0.044,69.03
,,,2025-10-21 06:53:20,CEO,23.0,0.089,
,,,2025-10-21 07:32:58,AI,255.0,0.084,18.42
,,,2025-10-21 07:32:58,US,122.0,0.085,
,,,2025-10-21 07:32:58,IRA,36.0,0.12,
,,,2025-10-21 07:32:58,ETF,34.0,0.096,
,,,2025-10-21 07:32:59,USD,31.0,0.111,103.8
,,,2025-10-21 07:32:59,AMD,31.0,0.053,240.56
,,,2025-10-21 07:32:59,NEXT,26.0,0.086,6.14
,,,2025-10-21 07:32:59,DD,23.0,0.146,80.95
,,,2025-10-21 07:32:59,EPS,23.0,0.044,69.03
,,,2025-10-21 07:33:00,CEO,23.0,0.089,
,,,2025-10-21 08:55:11,AI,261.0,0.083,18.42
,,,2025-10-21 08:55:11,US,123.0,0.084,
,,,2025-10-21 08:55:11,IRA,36.0,0.12,
,,,2025-10-21 08:55:11,ETF,34.0,0.096,
,,,2025-10-21 08:55:11,USD,31.0,0.111,103.8
,,,2025-10-21 08:55:11,AMD,31.0,0.053,240.56
,,,2025-10-21 08:55:11,NEXT,26.0,0.086,6.14
,,,2025-10-21 08:55:12,CEO,25.0,0.068,
,,,2025-10-21 08:55:12,DD,23.0,0.146,80.95
,,,2025-10-21 08:55:12,EPS,23.0,0.044,69.03
,,,2025-10-21 09:38:42,AI,255.0,0.084,18.42
,,,2025-10-21 09:38:42,US,123.0,0.084,
,,,2025-10-21 09:38:42,IRA,36.0,0.12,
,,,2025-10-21 09:38:42,ETF,34.0,0.096,
,,,2025-10-21 09:38:42,USD,31.0,0.111,103.8
,,,2025-10-21 09:38:43,AMD,31.0,0.053,240.56
,,,2025-10-21 09:38:43,NEXT,26.0,0.086,6.14
,,,2025-10-21 09:38:43,CEO,25.0,0.071,
,,,2025-10-21 09:38:43,DD,23.0,0.146,80.95
,,,2025-10-21 09:38:43,EPS,23.0,0.044,69.03
,,,2025-10-21 10:42:36,AI,262.0,0.085,18.42
,,,2025-10-21 10:42:36,US,122.0,0.085,
,,,2025-10-21 10:42:36,IRA,36.0,0.12,
,,,2025-10-21 10:42:36,ETF,34.0,0.096,
,,,2025-10-21 10:42:36,USD,31.0,0.111,103.8
,,,2025-10-21 10:42:36,AMD,31.0,0.053,240.56
,,,2025-10-21 10:42:37,NEXT,26.0,0.086,6.14
,,,2025-10-21 10:42:37,CEO,25.0,0.071,
,,,2025-10-21 10:42:37,DD,23.0,0.146,80.95
,,,2025-10-21 10:42:37,EPS,23.0,0.044,69.03
,,,2025-10-21 11:28:04,AI,262.0,0.085,18.42
,,,2025-10-21 11:28:04,US,121.0,0.086,
,,,2025-10-21 11:28:04,IRA,36.0,0.12,
,,,2025-10-21 11:28:04,ETF,34.0,0.096,
,,,2025-10-21 11:28:04,USD,31.0,0.111,103.8
,,,2025-10-21 11:28:04,AMD,31.0,0.053,240.56
,,,2025-10-21 11:28:05,NEXT,26.0,0.086,6.14
,,,2025-10-21 11:28:05,CEO,25.0,0.071,
,,,2025-10-21 11:28:05,DD,23.0,0.146,80.95
,,,2025-10-21 11:28:06,EPS,23.0,0.044,69.03
,,,2025-10-21 11:42:14,AI,262.0,0.085,18.42
,,,2025-10-21 11:42:14,US,121.0,0.086,
,,,2025-10-21 11:42:14,IRA,36.0,0.12,
,,,2025-10-21 11:42:14,ETF,34.0,0.096,
,,,2025-10-21 11:42:14,USD,31.0,0.111,103.8
,,,2025-10-21 11:42:14,AMD,31.0,0.053,240.56
,,,2025-10-21 11:42:14,NEXT,26.0,0.086,6.14
,,,2025-10-21 11:42:15,CEO,25.0,0.071,
,,,2025-10-21 11:42:15,DD,23.0,0.146,80.95
,,,2025-10-21 11:42:15,EPS,23.0,0.044,69.03
,,,2025-10-21 13:50:02,AI,262.0,0.083,18.09
,,,2025-10-21 13:50:02,US,119.0,0.083,
,,,2025-10-21 13:50:02,IRA,36.0,0.114,
,,,2025-10-21 13:50:02,ETF,34.0,0.096,
,,,2025-10-21 13:50:02,AMD,31.0,0.053,238.5
,,,2025-10-21 13:50:02,USD,29.0,0.113,101.75
,,,2025-10-21 13:50:02,NEXT,26.0,0.086,6.03
,,,2025-10-21 13:50:03,CEO,26.0,0.076,
,,,2025-10-21 13:50:03,EPS,23.0,0.044,69.05
,,,2025-10-21 13:50:03,DD,22.0,0.141,81.05
,,,2025-10-21 14:39:37,AI,261.0,0.082,18.38
,,,2025-10-21 14:39:37,US,119.0,0.08,
,,,2025-10-21 14:39:37,IRA,36.0,0.114,
,,,2025-10-21 14:39:38,ETF,32.0,0.089,
,,,2025-10-21 14:39:38,AMD,31.0,0.054,235.09
,,,2025-10-21 14:39:38,USD,29.0,0.113,101.14
,,,2025-10-21 14:39:38,NEXT,26.0,0.086,6.01
,,,2025-10-21 14:39:38,CEO,26.0,0.076,
,,,2025-10-21 14:39:39,DD,23.0,0.139,81.51
,,,2025-10-21 14:39:39,GLD,22.0,0.036,378.71
,,,2025-10-21 15:39:01,AI,261.0,0.084,18.44
,,,2025-10-21 15:39:01,US,118.0,0.079,
,,,2025-10-21 15:39:01,IRA,36.0,0.114,
,,,2025-10-21 15:39:01,ETF,32.0,0.089,
,,,2025-10-21 15:39:01,AMD,31.0,0.054,237.61
,,,2025-10-21 15:39:02,USD,29.0,0.113,102.18
,,,2025-10-21 15:39:02,NEXT,26.0,0.086,6.07
,,,2025-10-21 15:39:02,DD,23.0,0.139,81.36
,,,2025-10-21 15:39:02,CEO,23.0,0.077,
,,,2025-10-21 15:39:02,GLD,22.0,0.036,379.68
,,,2025-10-21 16:44:56,AI,275.0,0.082,18.36
,,,2025-10-21 16:44:57,US,118.0,0.079,
,,,2025-10-21 16:44:57,IRA,39.0,0.134,
,,,2025-10-21 16:44:57,ETF,33.0,0.091,
,,,2025-10-21 16:44:57,AMD,32.0,0.053,240.23
,,,2025-10-21 16:44:57,USD,30.0,0.114,102.9
,,,2025-10-21 16:44:57,NEXT,26.0,0.086,6.09
,,,2025-10-21 16:44:57,DD,24.0,0.133,81.55
,,,2025-10-21 16:44:57,GLD,22.0,0.036,378.45
,,,2025-10-21 16:44:58,EPS,22.0,0.034,69.21
,,,2025-10-21 17:34:19,AI,275.0,0.08,18.26
,,,2025-10-21 17:34:19,US,119.0,0.08,
,,,2025-10-21 17:34:19,IRA,35.0,0.116,
,,,2025-10-21 17:34:19,AMD,32.0,0.053,238.9
,,,2025-10-21 17:34:19,ETF,32.0,0.089,
,,,2025-10-21 17:34:20,USD,30.0,0.114,102.09
,,,2025-10-21 17:34:20,NEXT,26.0,0.086,6.01
,,,2025-10-21 17:34:20,DD,23.0,0.129,81.03
,,,2025-10-21 17:34:20,GLD,22.0,0.036,378.27
,,,2025-10-21 17:34:21,EPS,22.0,0.034,69.17
,,,2025-10-21 18:52:47,AI,278.0,0.082,18.15
,,,2025-10-21 18:52:48,US,117.0,0.08,
,,,2025-10-21 18:52:48,IRA,35.0,0.116,
,,,2025-10-21 18:52:48,AMD,32.0,0.053,238.84
,,,2025-10-21 18:52:48,ETF,32.0,0.089,
,,,2025-10-21 18:52:48,USD,30.0,0.114,102.07
,,,2025-10-21 18:52:48,NEXT,26.0,0.086,6.01
,,,2025-10-21 18:52:48,GLD,22.0,0.036,378.51
,,,2025-10-21 18:52:49,DD,22.0,0.133,81.36
,,,2025-10-21 18:52:49,EPS,22.0,0.034,69.17
,,,2025-10-21 19:28:00,AI,274.0,0.082,18.11
,,,2025-10-21 19:28:00,US,117.0,0.08,
,,,2025-10-21 19:28:00,IRA,34.0,0.133,
,,,2025-10-21 19:28:00,AMD,32.0,0.053,238.63
,,,2025-10-21 19:28:00,ETF,32.0,0.089,
,,,2025-10-21 19:28:00,USD,30.0,0.114,102.12
,,,2025-10-21 19:28:00,NEXT,26.0,0.086,6.02
,,,2025-10-21 19:28:01,ADM,25.0,0.081,61.58
,,,2025-10-21 19:28:01,GLD,22.0,0.043,377.64
,,,2025-10-21 19:28:01,DD,22.0,0.133,81.41
,,,2025-10-21 19:42:58,AI,274.0,0.082,18.11
,,,2025-10-21 19:42:58,US,117.0,0.08,
,,,2025-10-21 19:42:58,IRA,34.0,0.133,
,,,2025-10-21 19:42:58,AMD,32.0,0.053,238.59
,,,2025-10-21 19:42:58,ETF,32.0,0.089,
,,,2025-10-21 19:42:59,USD,30.0,0.114,102.09
,,,2025-10-21 19:42:59,NEXT,26.0,0.086,6.01
,,,2025-10-21 19:42:59,ADM,25.0,0.081,61.64
,,,2025-10-21 19:42:59,GLD,22.0,0.043,377.78
,,,2025-10-21 19:42:59,DD,22.0,0.133,81.33
,,,2025-10-21 20:40:38,AI,270.0,0.083,18.23
,,,2025-10-21 20:40:38,US,107.0,0.085,
,,,2025-10-21 20:40:38,ETF,36.0,0.101,
,,,2025-10-21 20:40:38,IRA,34.0,0.133,
,,,2025-10-21 20:40:38,AMD,32.0,0.053,238.03
,,,2025-10-21 20:40:38,USD,29.0,0.113,102.06
,,,2025-10-21 20:40:39,NEXT,26.0,0.086,5.98
,,,2025-10-21 20:40:39,EPS,23.0,0.045,69.12
,,,2025-10-21 20:40:39,GLD,22.0,0.043,377.24
,,,2025-10-21 20:40:39,NVDA,22.0,0.078,181.16
,,,2025-10-21 21:30:48,AI,270.0,0.083,18.23
,,,2025-10-21 21:30:49,US,106.0,0.085,
,,,2025-10-21 21:30:49,ETF,36.0,0.101,
,,,2025-10-21 21:30:49,IRA,34.0,0.133,
,,,2025-10-21 21:30:49,AMD,32.0,0.053,238.03
,,,2025-10-21 21:30:50,USD,29.0,0.113,102.06
,,,2025-10-21 21:30:50,NEXT,26.0,0.086,5.98
,,,2025-10-21 21:30:50,EPS,23.0,0.045,69.12
,,,2025-10-21 21:30:50,GLD,22.0,0.043,377.24
,,,2025-10-21 21:30:51,NVDA,22.0,0.078,181.16
,,,2025-10-21 21:40:59,AI,270.0,0.083,18.23
,,,2025-10-21 21:40:59,US,106.0,0.085,
,,,2025-10-21 21:40:59,ETF,36.0,0.101,
,,,2025-10-21 21:41:00,IRA,34.0,0.133,
,,,2025-10-21 21:41:00,AMD,32.0,0.053,238.03
,,,2025-10-21 21:41:00,USD,29.0,0.113,102.06
,,,2025-10-21 21:41:00,NEXT,26.0,0.086,5.98
,,,2025-10-21 21:41:00,EPS,23.0,0.045,69.12
,,,2025-10-21 21:41:00,GLD,22.0,0.043,377.24
,,,2025-10-21 21:41:01,NVDA,22.0,0.078,181.16
,,,2025-10-21 22:32:58,AI,270.0,0.083,18.23
,,,2025-10-21 22:32:58,US,107.0,0.085,
,,,2025-10-21 22:32:58,IRA,34.0,0.133,
,,,2025-10-21 22:32:58,AMD,32.0,0.053,238.03
,,,2025-10-21 22:32:58,ETF,32.0,0.089,
,,,2025-10-21 22:32:58,USD,29.0,0.113,102.06
,,,2025-10-21 22:32:58,NEXT,26.0,0.086,5.98
,,,2025-10-21 22:32:59,EPS,23.0,0.045,69.12
,,,2025-10-21 22:32:59,GLD,22.0,0.043,377.24
,,,2025-10-21 22:32:59,NVDA,22.0,0.078,181.16
,,,2025-10-21 23:31:45,AI,270.0,0.083,18.23
,,,2025-10-21 23:31:45,US,110.0,0.086,
,,,2025-10-21 23:31:45,AMD,33.0,0.051,238.03
,,,2025-10-21 23:31:46,ETF,31.0,0.091,
,,,2025-10-21 23:31:46,IRA,31.0,0.144,
,,,2025-10-21 23:31:46,USD,29.0,0.113,102.06
,,,2025-10-21 23:31:46,NEXT,26.0,0.086,5.98
,,,2025-10-21 23:31:47,EPS,23.0,0.045,69.12
,,,2025-10-21 23:31:47,GLD,22.0,0.043,377.24
,,,2025-10-21 23:31:47,NVDA,22.0,0.078,181.16
,,,2025-10-22 03:34:47,AI,270.0,0.083,18.23
,,,2025-10-22 03:34:47,US,110.0,0.086,
,,,2025-10-22 03:34:48,ETF,37.0,0.093,
,,,2025-10-22 03:34:48,AMD,33.0,0.051,238.03
,,,2025-10-22 03:34:48,IRA,30.0,0.146,
,,,2025-10-22 03:34:48,USD,29.0,0.113,102.06
,,,2025-10-22 03:34:48,NEXT,26.0,0.086,5.98
,,,2025-10-22 03:34:48,CEO,25.0,0.057,
,,,2025-10-22 03:34:48,GLD,23.0,0.024,377.24
,,,2025-10-22 03:34:49,EPS,23.0,0.045,69.12
,,,2025-10-22 04:43:05,AI,270.0,0.082,18.23
,,,2025-10-22 04:43:06,US,109.0,0.085,
,,,2025-10-22 04:43:06,ETF,37.0,0.093,
,,,2025-10-22 04:43:06,AMD,33.0,0.051,238.03
,,,2025-10-22 04:43:06,USD,29.0,0.113,102.06
,,,2025-10-22 04:43:06,IRA,28.0,0.144,
,,,2025-10-22 04:43:06,NEXT,26.0,0.086,5.98
,,,2025-10-22 04:43:07,CEO,25.0,0.057,
,,,2025-10-22 04:43:07,GLD,23.0,0.024,377.24
,,,2025-10-22 04:43:07,NVDA,22.0,0.078,181.16
,,,2025-10-22 05:40:40,AI,270.0,0.082,18.23
,,,2025-10-22 05:40:40,US,109.0,0.085,
,,,2025-10-22 05:40:40,ETF,37.0,0.093,
,,,2025-10-22 05:40:40,AMD,33.0,0.051,238.03
,,,2025-10-22 05:40:40,USD,29.0,0.113,102.06
,,,2025-10-22 05:40:40,IRA,28.0,0.144,
,,,2025-10-22 05:40:40,NEXT,26.0,0.086,5.98
,,,2025-10-22 05:40:41,CEO,25.0,0.057,
,,,2025-10-22 05:40:41,EPS,24.0,0.022,69.12
,,,2025-10-22 05:40:41,GLD,23.0,0.024,377.24
,,,2025-10-22 06:54:57,AI,270.0,0.082,18.23
,,,2025-10-22 06:54:57,US,107.0,0.083,
,,,2025-10-22 06:54:57,ETF,37.0,0.093,
,,,2025-10-22 06:54:57,AMD,33.0,0.051,238.03
,,,2025-10-22 06:54:57,IRA,28.0,0.144,
,,,2025-10-22 06:54:57,NEXT,26.0,0.086,5.98
,,,2025-10-22 06:54:58,CEO,25.0,0.057,
,,,2025-10-22 06:54:58,USD,24.0,0.13,102.06
,,,2025-10-22 06:54:58,EPS,24.0,0.022,69.12
,,,2025-10-22 06:54:58,GLD,23.0,0.024,377.24
,,,2025-10-22 07:33:13,AI,270.0,0.082,18.23
,,,2025-10-22 07:33:13,US,108.0,0.084,
,,,2025-10-22 07:33:14,ETF,37.0,0.093,
,,,2025-10-22 07:33:14,AMD,33.0,0.051,238.03
,,,2025-10-22 07:33:14,USD,29.0,0.113,102.06
,,,2025-10-22 07:33:14,IRA,28.0,0.144,
,,,2025-10-22 07:33:14,EPS,26.0,0.022,69.12
,,,2025-10-22 07:33:15,NEXT,26.0,0.086,5.98
,,,2025-10-22 07:33:15,CEO,25.0,0.057,
,,,2025-10-22 07:33:16,GLD,23.0,0.024,377.24
,,,2025-10-22 08:54:11,AI,267.0,0.084,18.23
,,,2025-10-22 08:54:12,US,109.0,0.082,
,,,2025-10-22 08:54:12,ETF,37.0,0.093,
,,,2025-10-22 08:54:12,AMD,36.0,0.056,238.03
,,,2025-10-22 08:54:12,IRA,28.0,0.144,
,,,2025-10-22 08:54:12,EPS,26.0,0.022,69.12
,,,2025-10-22 08:54:12,NEXT,26.0,0.086,5.98
,,,2025-10-22 08:54:12,CEO,25.0,0.057,
,,,2025-10-22 08:54:12,USD,24.0,0.13,102.06
,,,2025-10-22 08:54:13,GLD,23.0,0.024,377.24
,,,2025-10-22 09:41:43,AI,265.0,0.085,18.23
,,,2025-10-22 09:41:43,US,109.0,0.082,
,,,2025-10-22 09:41:43,ETF,47.0,0.079,
,,,2025-10-22 09:41:43,AMD,36.0,0.056,238.03
,,,2025-10-22 09:41:43,IRA,28.0,0.144,
,,,2025-10-22 09:41:43,NEXT,26.0,0.086,5.98
,,,2025-10-22 09:41:43,EPS,25.0,0.023,69.12
,,,2025-10-22 09:41:44,CEO,25.0,0.057,
,,,2025-10-22 09:41:44,USD,24.0,0.13,102.06
,,,2025-10-22 09:41:44,GLD,23.0,0.024,377.24
,,,2025-10-22 10:45:49,AI,265.0,0.085,18.23
,,,2025-10-22 10:45:49,US,109.0,0.082,
,,,2025-10-22 10:45:49,ETF,47.0,0.079,
,,,2025-10-22 10:45:49,AMD,36.0,0.056,238.03
,,,2025-10-22 10:45:49,IRA,28.0,0.144,
,,,2025-10-22 10:45:50,NEXT,26.0,0.086,5.98
,,,2025-10-22 10:45:50,EPS,25.0,0.023,69.12
,,,2025-10-22 10:45:51,CEO,25.0,0.057,
,,,2025-10-22 10:45:51,USD,24.0,0.13,102.06
,,,2025-10-22 10:45:52,GLD,23.0,0.024,377.24
,,,2025-10-22 11:30:29,AI,267.0,0.084,18.23
,,,2025-10-22 11:30:29,US,109.0,0.082,
,,,2025-10-22 11:30:29,ETF,47.0,0.079,
,,,2025-10-22 11:30:29,AMD,36.0,0.056,238.03
,,,2025-10-22 11:30:29,IRA,28.0,0.144,
,,,2025-10-22 11:30:29,EPS,26.0,0.022,69.12
,,,2025-10-22 11:30:30,NEXT,26.0,0.086,5.98
,,,2025-10-22 11:30:30,CEO,25.0,0.057,
,,,2025-10-22 11:30:30,USD,24.0,0.13,102.06
,,,2025-10-22 11:30:30,NVDA,22.0,0.081,181.16
,,,2025-10-22 11:44:58,AI,267.0,0.084,18.23
,,,2025-10-22 11:44:58,US,109.0,0.082,
,,,2025-10-22 11:44:58,ETF,47.0,0.079,
,,,2025-10-22 11:44:58,AMD,34.0,0.055,238.03
,,,2025-10-22 11:44:58,IRA,28.0,0.144,
,,,2025-10-22 11:44:58,EPS,26.0,0.022,69.12
,,,2025-10-22 11:44:58,NEXT,26.0,0.086,5.98
,,,2025-10-22 11:44:59,CEO,25.0,0.057,
,,,2025-10-22 11:44:59,USD,24.0,0.13,102.06
,,,2025-10-22 11:45:00,NVDA,22.0,0.081,181.16
,,,2025-10-22 13:50:56,AI,267.0,0.086,17.74
,,,2025-10-22 13:50:56,US,105.0,0.08,
,,,2025-10-22 13:50:56,ETF,47.0,0.079,
,,,2025-10-22 13:50:57,IRA,28.0,0.144,
,,,2025-10-22 13:50:57,NEXT,26.0,0.086,5.99
,,,2025-10-22 13:50:58,CEO,25.0,0.057,
,,,2025-10-22 13:50:59,EPS,23.0,0.021,69.13
,,,2025-10-22 13:50:59,AMD,22.0,0.048,237.63
,,,2025-10-22 13:50:59,GLD,22.0,0.052,374.54
,,,2025-10-22 13:50:59,BYND,20.0,-0.064,6.14
,,,2025-10-22 14:52:43,AI,266.0,0.086,17.52
,,,2025-10-22 14:52:43,US,106.0,0.081,
,,,2025-10-22 14:52:43,ETF,48.0,0.081,
,,,2025-10-22 14:52:43,IRA,28.0,0.144,
,,,2025-10-22 14:52:44,NEXT,26.0,0.086,5.87
,,,2025-10-22 14:52:45,CEO,25.0,0.057,
,,,2025-10-22 14:52:45,EPS,23.0,0.021,68.97
,,,2025-10-22 14:52:45,AMD,22.0,0.048,232.06
,,,2025-10-22 14:52:46,GLD,22.0,0.052,370.16
,,,2025-10-22 14:52:46,YOLO,21.0,0.095,3.15
,,,2025-10-22 15:40:59,AI,268.0,0.085,17.4
,,,2025-10-22 15:40:59,US,108.0,0.083,
,,,2025-10-22 15:40:59,ETF,49.0,0.082,
,,,2025-10-22 15:41:00,IRA,30.0,0.141,
,,,2025-10-22 15:41:00,NEXT,26.0,0.086,5.87
,,,2025-10-22 15:41:01,CEO,25.0,0.057,
,,,2025-10-22 15:41:01,EPS,23.0,0.021,69.02
,,,2025-10-22 15:41:01,AMD,22.0,0.048,229.15
,,,2025-10-22 15:41:02,GLD,22.0,0.052,371.5
,,,2025-10-22 15:41:02,LNG,20.0,0.086,222.91
,,,2025-10-22 16:57:09,AI,264.0,0.082,17.42
,,,2025-10-22 16:57:09,US,110.0,0.085,
,,,2025-10-22 16:57:09,ETF,51.0,0.079,
,,,2025-10-22 16:57:09,IRA,31.0,0.138,
,,,2025-10-22 16:57:10,NEXT,26.0,0.086,5.86
,,,2025-10-22 16:57:10,CEO,25.0,0.051,
,,,2025-10-22 16:57:11,EPS,23.0,0.021,68.82
,,,2025-10-22 16:57:11,GLD,22.0,0.052,373.86
,,,2025-10-22 16:57:11,BYND,21.0,-0.078,3.24
,,,2025-10-22 16:57:11,LNG,20.0,0.086,222.69
,,,2025-10-22 17:33:41,AI,263.0,0.082,17.4
,,,2025-10-22 17:33:41,US,109.0,0.085,
,,,2025-10-22 17:33:42,ETF,51.0,0.079,
,,,2025-10-22 17:33:42,IRA,29.0,0.142,
,,,2025-10-22 17:33:42,NEXT,26.0,0.086,5.86
,,,2025-10-22 17:33:43,CEO,25.0,0.051,
,,,2025-10-22 17:33:43,EPS,23.0,0.021,68.61
,,,2025-10-22 17:33:44,BYND,22.0,-0.061,3.82
,,,2025-10-22 17:33:44,GLD,22.0,0.052,373.16
,,,2025-10-22 17:33:44,YOLO,20.0,0.076,3.16
,,,2025-10-22 18:54:20,AI,257.0,0.079,17.4
,,,2025-10-22 18:54:20,US,102.0,0.08,
,,,2025-10-22 18:54:20,ETF,58.0,0.079,
,,,2025-10-22 18:54:21,BYND,26.0,-0.045,3.75
,,,2025-10-22 18:54:21,IRA,26.0,0.14,
,,,2025-10-22 18:54:21,NEXT,26.0,0.086,5.9
,,,2025-10-22 18:54:22,CEO,24.0,0.045,
,,,2025-10-22 18:54:22,GLD,23.0,0.059,375.07
,,,2025-10-22 18:54:22,EPS,21.0,0.02,68.67
,,,2025-10-22 18:54:22,YOLO,20.0,0.084,3.15
,,,2025-10-22 19:24:06,AI,263.0,0.078,17.45
,,,2025-10-22 19:24:06,US,102.0,0.08,
,,,2025-10-22 19:24:06,ETF,58.0,0.079,
,,,2025-10-22 19:24:06,BYND,27.0,-0.03,3.18
,,,2025-10-22 19:24:06,IRA,27.0,0.144,
,,,2025-10-22 19:24:07,NEXT,26.0,0.086,5.93
,,,2025-10-22 19:24:07,GLD,24.0,0.056,376.98
,,,2025-10-22 19:24:07,CEO,24.0,0.045,
,,,2025-10-22 19:24:07,YOLO,21.0,0.085,3.15
,,,2025-10-22 19:24:08,EPS,21.0,0.02,68.73
,,,2025-10-22 19:42:38,AI,262.0,0.078,17.59
,,,2025-10-22 19:42:38,US,101.0,0.079,
,,,2025-10-22 19:42:38,ETF,59.0,0.079,
,,,2025-10-22 19:42:38,BYND,28.0,-0.023,3.4
,,,2025-10-22 19:42:38,IRA,26.0,0.144,
,,,2025-10-22 19:42:38,NEXT,26.0,0.086,5.93
,,,2025-10-22 19:42:38,GLD,24.0,0.056,377.63
,,,2025-10-22 19:42:39,CEO,24.0,0.045,
,,,2025-10-22 19:42:39,YOLO,21.0,0.085,3.17
,,,2025-10-22 19:42:39,EPS,21.0,0.02,68.84
,,,2025-10-22 20:37:21,AI,257.0,0.077,17.56
,,,2025-10-22 20:37:21,US,102.0,0.08,
,,,2025-10-22 20:37:21,ETF,59.0,0.078,
,,,2025-10-22 20:37:21,BYND,27.0,-0.03,3.58
,,,2025-10-22 20:37:22,IRA,26.0,0.144,
,,,2025-10-22 20:37:22,NEXT,26.0,0.086,5.86
,,,2025-10-22 20:37:22,GLD,24.0,0.056,377.28
,,,2025-10-22 20:37:23,CEO,24.0,0.045,
,,,2025-10-22 20:37:23,EPS,23.0,0.038,68.85
,,,2025-10-22 20:37:23,YOLO,20.0,0.065,3.17
,,,2025-10-22 21:24:40,AI,255.0,0.076,17.56
,,,2025-10-22 21:24:41,US,101.0,0.079,
,,,2025-10-22 21:24:41,ETF,59.0,0.078,
,,,2025-10-22 21:24:41,BYND,28.0,-0.028,3.58
,,,2025-10-22 21:24:41,IRA,27.0,0.147,
,,,2025-10-22 21:24:41,NEXT,26.0,0.086,5.86
,,,2025-10-22 21:24:42,GLD,24.0,0.056,377.28
,,,2025-10-22 21:24:43,CEO,24.0,0.045,
,,,2025-10-22 21:24:43,EPS,23.0,0.038,68.85
,,,2025-10-22 21:24:43,YOLO,20.0,0.065,3.17
,,,2025-10-22 21:38:42,AI,257.0,0.077,17.56
,,,2025-10-22 21:38:43,US,101.0,0.079,
,,,2025-10-22 21:38:43,ETF,59.0,0.078,
,,,2025-10-22 21:38:43,BYND,27.0,-0.03,3.58
,,,2025-10-22 21:38:44,IRA,27.0,0.147,
,,,2025-10-22 21:38:44,NEXT,26.0,0.086,5.86
,,,2025-10-22 21:38:45,GLD,24.0,0.056,377.28
,,,2025-10-22 21:38:45,CEO,24.0,0.045,
,,,2025-10-22 21:38:45,EPS,23.0,0.038,68.85
,,,2025-10-22 21:38:45,YOLO,20.0,0.065,3.17
,,,2025-10-22 22:30:15,AI,254.0,0.076,17.56
,,,2025-10-22 22:30:15,US,101.0,0.079,
,,,2025-10-22 22:30:15,ETF,59.0,0.078,
,,,2025-10-22 22:30:15,BYND,30.0,-0.022,3.58
,,,2025-10-22 22:30:15,IRA,27.0,0.147,
,,,2025-10-22 22:30:15,NEXT,26.0,0.086,5.86
,,,2025-10-22 22:30:16,CEO,24.0,0.045,
,,,2025-10-22 22:30:16,EPS,23.0,0.038,68.85
,,,2025-10-22 22:30:16,GLD,23.0,0.059,377.28
,,,2025-10-22 22:30:16,YOLO,20.0,0.065,3.17
,,,2025-10-22 22:40:15,AI,254.0,0.076,17.56
,,,2025-10-22 22:40:15,US,101.0,0.079,
,,,2025-10-22 22:40:15,ETF,59.0,0.078,
,,,2025-10-22 22:40:16,BYND,27.0,-0.03,3.58
,,,2025-10-22 22:40:16,IRA,27.0,0.147,
,,,2025-10-22 22:40:16,NEXT,26.0,0.086,5.86
,,,2025-10-22 22:40:16,GLD,24.0,0.056,377.28
,,,2025-10-22 22:40:17,CEO,24.0,0.045,
,,,2025-10-22 22:40:17,EPS,23.0,0.038,68.85
,,,2025-10-22 22:40:18,YOLO,20.0,0.065,3.17
,,,2025-10-22 23:28:03,AI,261.0,0.075,17.56
,,,2025-10-22 23:28:04,US,102.0,0.079,
,,,2025-10-22 23:28:04,ETF,59.0,0.078,
,,,2025-10-22 23:28:04,BYND,29.0,-0.027,3.58
,,,2025-10-22 23:28:04,IRA,27.0,0.147,
,,,2025-10-22 23:28:04,NEXT,26.0,0.086,5.86
,,,2025-10-22 23:28:06,CEO,24.0,0.045,
,,,2025-10-22 23:28:06,EPS,23.0,0.038,68.85
,,,2025-10-22 23:28:06,YOLO,20.0,0.063,3.17
,,,2025-10-22 23:28:06,AMD,20.0,0.057,230.23
,,,2025-10-22 23:41:14,AI,261.0,0.075,17.56
,,,2025-10-22 23:41:14,US,102.0,0.079,
,,,2025-10-22 23:41:14,ETF,59.0,0.078,
,,,2025-10-22 23:41:14,BYND,31.0,-0.014,3.58
,,,2025-10-22 23:41:14,IRA,27.0,0.147,
,,,2025-10-22 23:41:14,NEXT,26.0,0.086,5.86
,,,2025-10-22 23:41:15,CEO,24.0,0.045,
,,,2025-10-22 23:41:15,EPS,23.0,0.038,68.85
,,,2025-10-22 23:41:15,YOLO,20.0,0.063,3.17
,,,2025-10-22 23:41:15,AMD,20.0,0.057,230.23
,,,2025-10-23 03:16:09,AI,255.0,0.079,17.56
,,,2025-10-23 03:16:09,US,100.0,0.071,
,,,2025-10-23 03:16:09,ETF,57.0,0.077,
,,,2025-10-23 03:16:09,IRA,31.0,0.138,
,,,2025-10-23 03:16:09,BYND,30.0,-0.029,3.58
,,,2025-10-23 03:16:09,NEXT,26.0,0.086,5.86
,,,2025-10-23 03:16:10,CEO,26.0,0.045,
,,,2025-10-23 03:16:10,EPS,23.0,0.038,68.85
,,,2025-10-23 03:16:10,YOLO,20.0,0.063,3.17
,,,2025-10-23 03:16:10,LNG,20.0,0.086,224.46
,,,2025-10-23 03:55:02,AI,248.0,0.08,17.56
,,,2025-10-23 03:55:03,US,99.0,0.072,
,,,2025-10-23 03:55:03,ETF,57.0,0.077,
,,,2025-10-23 03:55:03,IRA,31.0,0.138,
,,,2025-10-23 03:55:03,BYND,29.0,-0.031,3.58
,,,2025-10-23 03:55:03,NEXT,26.0,0.086,5.86
,,,2025-10-23 03:55:04,CEO,26.0,0.045,
,,,2025-10-23 03:55:04,EPS,23.0,0.038,68.85
,,,2025-10-23 03:55:05,YOLO,20.0,0.063,3.17
,,,2025-10-23 03:55:05,LNG,20.0,0.086,224.46
,,,2025-10-23 04:41:44,AI,248.0,0.08,17.56
,,,2025-10-23 04:41:45,US,99.0,0.072,
,,,2025-10-23 04:41:45,ETF,57.0,0.077,
,,,2025-10-23 04:41:45,IRA,31.0,0.138,
,,,2025-10-23 04:41:45,BYND,30.0,-0.03,3.58
,,,2025-10-23 04:41:45,NEXT,26.0,0.086,5.86
,,,2025-10-23 04:41:45,CEO,26.0,0.045,
,,,2025-10-23 04:41:45,EPS,23.0,0.038,68.85
,,,2025-10-23 04:41:45,YOLO,20.0,0.063,3.17
,,,2025-10-23 04:41:46,LNG,20.0,0.086,224.46
,,,2025-10-23 05:38:09,AI,254.0,0.084,17.56
,,,2025-10-23 05:38:09,US,100.0,0.073,
,,,2025-10-23 05:38:09,ETF,58.0,0.079,
,,,2025-10-23 05:38:09,BYND,34.0,-0.029,3.58
,,,2025-10-23 05:38:09,IRA,31.0,0.138,
,,,2025-10-23 05:38:09,NEXT,26.0,0.086,5.86
,,,2025-10-23 05:38:10,CEO,25.0,0.042,
,,,2025-10-23 05:38:10,EPS,23.0,0.038,68.85
,,,2025-10-23 05:38:10,YOLO,22.0,0.052,3.17
,,,2025-10-23 05:38:10,LNG,20.0,0.086,224.46
,,,2025-10-23 06:53:22,AI,256.0,0.084,17.56
,,,2025-10-23 06:53:22,US,99.0,0.072,
,,,2025-10-23 06:53:22,ETF,58.0,0.079,
,,,2025-10-23 06:53:23,BYND,38.0,-0.002,3.58
,,,2025-10-23 06:53:23,IRA,31.0,0.138,
,,,2025-10-23 06:53:23,NEXT,26.0,0.086,5.86
,,,2025-10-23 06:53:24,CEO,25.0,0.042,
,,,2025-10-23 06:53:24,YOLO,23.0,0.054,3.17
,,,2025-10-23 06:53:24,EPS,23.0,0.038,68.85
,,,2025-10-23 06:53:25,LNG,20.0,0.086,224.46
,,,2025-10-23 07:33:40,AI,256.0,0.084,17.56
,,,2025-10-23 07:33:40,US,99.0,0.072,
,,,2025-10-23 07:33:41,ETF,58.0,0.079,
,,,2025-10-23 07:33:41,BYND,38.0,-0.002,3.58
,,,2025-10-23 07:33:41,IRA,31.0,0.138,
,,,2025-10-23 07:33:41,NEXT,26.0,0.086,5.86
,,,2025-10-23 07:33:41,CEO,25.0,0.042,
,,,2025-10-23 07:33:42,YOLO,23.0,0.054,3.17
,,,2025-10-23 07:33:42,EPS,23.0,0.038,68.85
,,,2025-10-23 07:33:42,LNG,20.0,0.086,224.46
,,,2025-10-23 08:51:25,AI,260.0,0.085,17.56
,,,2025-10-23 08:51:25,US,96.0,0.076,
,,,2025-10-23 08:51:25,ETF,57.0,0.082,
,,,2025-10-23 08:51:25,BYND,36.0,-0.007,3.58
,,,2025-10-23 08:51:25,IRA,31.0,0.138,
,,,2025-10-23 08:51:25,NEXT,26.0,0.086,5.86
,,,2025-10-23 08:51:26,CEO,25.0,0.042,
,,,2025-10-23 08:51:26,YOLO,23.0,0.054,3.17
,,,2025-10-23 08:51:26,EPS,23.0,0.038,68.85
,,,2025-10-23 08:51:26,LNG,20.0,0.086,224.46
,,,2025-10-23 09:39:05,AI,259.0,0.085,17.56
,,,2025-10-23 09:39:06,US,92.0,0.075,
,,,2025-10-23 09:39:06,ETF,57.0,0.082,
,,,2025-10-23 09:39:06,BYND,34.0,0.003,3.58
,,,2025-10-23 09:39:06,IRA,31.0,0.138,
,,,2025-10-23 09:39:06,NEXT,26.0,0.086,5.86
,,,2025-10-23 09:39:07,CEO,25.0,0.042,
,,,2025-10-23 09:39:07,YOLO,23.0,0.054,3.17
,,,2025-10-23 09:39:07,EPS,23.0,0.038,68.85
,,,2025-10-23 09:39:07,LNG,20.0,0.086,224.46
,,,2025-10-23 10:43:06,AI,259.0,0.085,17.56
,,,2025-10-23 10:43:06,US,92.0,0.075,
,,,2025-10-23 10:43:06,ETF,57.0,0.082,
,,,2025-10-23 10:43:06,BYND,34.0,0.003,3.58
,,,2025-10-23 10:43:06,IRA,31.0,0.138,
,,,2025-10-23 10:43:07,NEXT,26.0,0.086,5.86
,,,2025-10-23 10:43:07,CEO,25.0,0.042,
,,,2025-10-23 10:43:07,YOLO,23.0,0.054,3.17
,,,2025-10-23 10:43:07,EPS,23.0,0.038,68.85
,,,2025-10-23 10:43:07,LNG,20.0,0.086,224.46
,,,2025-10-23 11:29:27,AI,259.0,0.085,17.56
,,,2025-10-23 11:29:27,US,95.0,0.078,
,,,2025-10-23 11:29:27,ETF,57.0,0.082,
,,,2025-10-23 11:29:27,BYND,34.0,0.003,3.58
,,,2025-10-23 11:29:28,IRA,31.0,0.138,
,,,2025-10-23 11:29:28,NEXT,26.0,0.086,5.86
,,,2025-10-23 11:29:28,CEO,25.0,0.042,
,,,2025-10-23 11:29:28,YOLO,23.0,0.054,3.17
,,,2025-10-23 11:29:28,EPS,23.0,0.038,68.85
,,,2025-10-23 11:29:28,LNG,20.0,0.086,224.46
,,,2025-10-23 11:42:59,AI,258.0,0.085,17.56
,,,2025-10-23 11:42:59,US,92.0,0.075,
,,,2025-10-23 11:42:59,ETF,57.0,0.082,
,,,2025-10-23 11:42:59,BYND,36.0,0.01,3.58
,,,2025-10-23 11:42:59,IRA,31.0,0.138,
,,,2025-10-23 11:43:00,NEXT,26.0,0.086,5.86
,,,2025-10-23 11:43:00,CEO,25.0,0.042,
,,,2025-10-23 11:43:00,YOLO,23.0,0.054,3.17
,,,2025-10-23 11:43:00,EPS,23.0,0.038,68.85
,,,2025-10-23 11:43:00,LNG,20.0,0.086,224.46
,,,2025-10-23 13:42:58,AI,250.0,0.088,17.66
,,,2025-10-23 13:42:58,US,93.0,0.077,
,,,2025-10-23 13:42:58,ETF,55.0,0.079,
,,,2025-10-23 13:42:58,BYND,34.0,0.003,3.28
,,,2025-10-23 13:42:59,NEXT,26.0,0.086,6.01
,,,2025-10-23 13:42:59,IRA,25.0,0.12,
,,,2025-10-23 13:42:59,CEO,25.0,0.042,
,,,2025-10-23 13:42:59,YOLO,23.0,0.054,3.17
,,,2025-10-23 13:42:59,EPS,21.0,0.026,68.85
,,,2025-10-23 13:42:59,LNG,20.0,0.086,225.32
,,,2025-10-23 14:44:22,AI,251.0,0.087,17.79
,,,2025-10-23 14:44:22,US,93.0,0.077,
,,,2025-10-23 14:44:22,ETF,55.0,0.079,
,,,2025-10-23 14:44:22,BYND,38.0,0.015,3.2
,,,2025-10-23 14:44:25,CEO,27.0,0.047,
,,,2025-10-23 14:44:25,NEXT,26.0,0.086,5.99
,,,2025-10-23 14:44:25,IRA,24.0,0.123,
,,,2025-10-23 14:44:25,YOLO,23.0,0.054,3.18
,,,2025-10-23 14:44:25,EPS,20.0,0.025,69.0
,,,2025-10-23 14:44:26,LNG,20.0,0.086,223.32
,,,2025-10-23 15:37:17,AI,252.0,0.087,17.83
,,,2025-10-23 15:37:17,US,94.0,0.078,
,,,2025-10-23 15:37:17,ETF,53.0,0.075,
,,,2025-10-23 15:37:18,BYND,37.0,0.017,3.35
,,,2025-10-23 15:37:18,CEO,27.0,0.047,
,,,2025-10-23 15:37:19,NEXT,26.0,0.086,5.92
,,,2025-10-23 15:37:19,IRA,24.0,0.123,
,,,2025-10-23 15:37:19,YOLO,23.0,0.054,3.28
,,,2025-10-23 15:37:19,EPS,20.0,0.025,69.06
,,,2025-10-23 15:37:19,LNG,20.0,0.086,221.65
,,,2025-10-23 16:48:39,AI,251.0,0.087,17.82
,,,2025-10-23 16:48:39,US,94.0,0.078,
,,,2025-10-23 16:48:40,ETF,53.0,0.075,
,,,2025-10-23 16:48:40,BYND,37.0,0.017,3.35
,,,2025-10-23 16:48:40,CEO,27.0,0.047,
,,,2025-10-23 16:48:40,NEXT,26.0,0.086,5.89
,,,2025-10-23 16:48:40,IRA,24.0,0.123,
,,,2025-10-23 16:48:40,YOLO,23.0,0.054,3.23
,,,2025-10-23 16:48:41,EPS,20.0,0.025,69.13
,,,2025-10-23 16:48:41,LNG,20.0,0.086,222.3
,,,2025-10-23 17:34:15,AI,254.0,0.087,17.81
,,,2025-10-23 17:34:15,US,93.0,0.076,
,,,2025-10-23 17:34:15,ETF,51.0,0.086,
,,,2025-10-23 17:34:15,BYND,37.0,0.017,3.09
,,,2025-10-23 17:34:16,CEO,27.0,0.047,
,,,2025-10-23 17:34:16,NEXT,26.0,0.086,5.89
,,,2025-10-23 17:34:16,IRA,24.0,0.123,
,,,2025-10-23 17:34:16,YOLO,23.0,0.054,3.25
,,,2025-10-23 17:34:16,EPS,20.0,0.025,69.11
,,,2025-10-23 17:34:16,LNG,20.0,0.086,222.72
,,,2025-10-23 18:52:59,AI,255.0,0.085,17.95
,,,2025-10-23 18:52:59,US,84.0,0.086,
,,,2025-10-23 18:53:00,ETF,52.0,0.087,
,,,2025-10-23 18:53:00,BYND,40.0,0.025,2.9
,,,2025-10-23 18:53:00,YOLO,25.0,0.065,3.28
,,,2025-10-23 18:53:00,CEO,25.0,0.051,
,,,2025-10-23 18:53:01,IRA,24.0,0.123,
,,,2025-10-23 18:53:01,EPS,21.0,0.028,69.21
,,,2025-10-23 18:53:01,TSLA,19.0,0.118,442.56
,,,2025-10-23 18:53:01,DD,17.0,0.113,81.45
,,,2025-10-23 19:26:50,AI,257.0,0.086,17.95
,,,2025-10-23 19:26:51,US,84.0,0.086,
,,,2025-10-23 19:26:51,ETF,52.0,0.087,
,,,2025-10-23 19:26:51,BYND,39.0,0.018,2.96
,,,2025-10-23 19:26:51,NEXT,26.0,0.086,5.86
,,,2025-10-23 19:26:52,CEO,26.0,0.052,
,,,2025-10-23 19:26:52,YOLO,24.0,0.056,3.3
,,,2025-10-23 19:26:53,IRA,24.0,0.123,
,,,2025-10-23 19:26:53,EPS,21.0,0.028,69.23
,,,2025-10-23 19:26:53,LNG,20.0,0.086,222.64
,,,2025-10-23 19:41:53,AI,258.0,0.086,17.86
,,,2025-10-23 19:41:53,US,84.0,0.086,
,,,2025-10-23 19:41:53,ETF,54.0,0.084,
,,,2025-10-23 19:41:53,BYND,39.0,0.018,2.87
,,,2025-10-23 19:41:53,NEXT,26.0,0.086,5.84
,,,2025-10-23 19:41:54,CEO,26.0,0.052,
,,,2025-10-23 19:41:54,YOLO,24.0,0.056,3.31
,,,2025-10-23 19:41:54,IRA,24.0,0.123,
,,,2025-10-23 19:41:54,EPS,21.0,0.028,69.18
,,,2025-10-23 19:41:54,LNG,20.0,0.086,222.12
,,,2025-10-23 20:36:07,AI,260.0,0.086,17.95
,,,2025-10-23 20:36:07,US,84.0,0.086,
,,,2025-10-23 20:36:07,ETF,54.0,0.084,
,,,2025-10-23 20:36:07,BYND,40.0,0.026,2.84
,,,2025-10-23 20:36:08,CEO,27.0,0.053,
,,,2025-10-23 20:36:08,YOLO,25.0,0.086,3.25
,,,2025-10-23 20:36:08,IRA,24.0,0.123,
,,,2025-10-23 20:36:08,EPS,21.0,0.028,69.13
,,,2025-10-23 20:36:08,TSLA,19.0,0.118,448.98
,,,2025-10-23 20:36:09,DD,17.0,0.113,81.29
,,,2025-10-23 21:26:02,AI,259.0,0.086,17.95
,,,2025-10-23 21:26:03,US,84.0,0.086,
,,,2025-10-23 21:26:03,ETF,54.0,0.084,
,,,2025-10-23 21:26:03,BYND,39.0,0.018,2.84
,,,2025-10-23 21:26:03,CEO,28.0,0.05,
,,,2025-10-23 21:26:03,YOLO,26.0,0.078,3.25
,,,2025-10-23 21:26:03,IRA,24.0,0.123,
,,,2025-10-23 21:26:03,EPS,22.0,0.039,69.13
,,,2025-10-23 21:26:04,TSLA,19.0,0.118,448.98
,,,2025-10-23 21:26:04,DD,17.0,0.113,81.29
,,,2025-10-23 21:39:09,AI,261.0,0.087,17.95
,,,2025-10-23 21:39:09,US,84.0,0.086,
,,,2025-10-23 21:39:09,ETF,54.0,0.084,
,,,2025-10-23 21:39:09,BYND,39.0,0.018,2.84
,,,2025-10-23 21:39:10,CEO,28.0,0.05,
,,,2025-10-23 21:39:10,YOLO,26.0,0.078,3.25
,,,2025-10-23 21:39:10,IRA,24.0,0.123,
,,,2025-10-23 21:39:10,EPS,22.0,0.039,69.13
,,,2025-10-23 21:39:10,TSLA,19.0,0.118,448.98
,,,2025-10-23 21:39:10,DD,17.0,0.113,81.29
,,,2025-10-23 22:35:22,AI,261.0,0.087,17.95
,,,2025-10-23 22:35:22,US,86.0,0.086,
,,,2025-10-23 22:35:23,ETF,54.0,0.084,
,,,2025-10-23 22:35:23,BYND,39.0,0.018,2.84
,,,2025-10-23 22:35:23,GRAB,32.0,0.093,5.72
,,,2025-10-23 22:35:23,CEO,28.0,0.05,
,,,2025-10-23 22:35:23,YOLO,26.0,0.078,3.25
,,,2025-10-23 22:35:23,IRA,24.0,0.123,
,,,2025-10-23 22:35:24,EPS,23.0,0.041,69.13
,,,2025-10-23 22:35:24,TSLA,19.0,0.118,448.98
,,,2025-10-23 23:29:01,AI,261.0,0.087,17.95
,,,2025-10-23 23:29:01,US,89.0,0.085,
,,,2025-10-23 23:29:02,ETF,55.0,0.081,
,,,2025-10-23 23:29:02,BYND,39.0,0.018,2.84
,,,2025-10-23 23:29:02,GRAB,32.0,0.093,5.72
,,,2025-10-23 23:29:03,CEO,32.0,0.055,
,,,2025-10-23 23:29:03,INTC,29.0,0.125,38.16
,,,2025-10-23 23:29:03,NVDA,28.0,0.125,182.16
,,,2025-10-23 23:29:03,YOLO,25.0,0.086,3.25
,,,2025-10-23 23:29:03,IRA,24.0,0.123,
,,,2025-10-23 23:41:21,AI,261.0,0.087,17.95
,,,2025-10-23 23:41:21,US,88.0,0.083,
,,,2025-10-23 23:41:21,ETF,55.0,0.081,
,,,2025-10-23 23:41:21,BYND,39.0,0.018,2.84
,,,2025-10-23 23:41:22,GRAB,32.0,0.093,5.72
,,,2025-10-23 23:41:22,CEO,32.0,0.055,
,,,2025-10-23 23:41:23,INTC,29.0,0.125,38.16
,,,2025-10-23 23:41:23,NVDA,28.0,0.125,182.16
,,,2025-10-23 23:41:23,YOLO,25.0,0.086,3.25
,,,2025-10-23 23:41:23,IRA,24.0,0.123,
,,,2025-10-24 03:11:39,AI,281.0,0.092,17.95
,,,2025-10-24 03:11:40,US,87.0,0.077,
,,,2025-10-24 03:11:40,ETF,55.0,0.081,
,,,2025-10-24 03:11:40,BYND,42.0,0.011,2.84
,,,2025-10-24 03:11:40,GRAB,32.0,0.093,5.72
,,,2025-10-24 03:11:40,CEO,32.0,0.055,
,,,2025-10-24 03:11:40,NVDA,30.0,0.118,182.16
,,,2025-10-24 03:11:41,INTC,29.0,0.125,38.16
,,,2025-10-24 03:11:41,YOLO,26.0,0.082,3.25
,,,2025-10-24 03:11:41,EPS,23.0,0.041,69.13
,,,2025-10-24 03:53:33,AI,279.0,0.091,17.95
,,,2025-10-24 03:53:33,US,88.0,0.089,
,,,2025-10-24 03:53:33,ETF,55.0,0.081,
,,,2025-10-24 03:53:33,BYND,42.0,0.011,2.84
,,,2025-10-24 03:53:33,CEO,36.0,0.062,
,,,2025-10-24 03:53:34,GRAB,33.0,0.093,5.72
,,,2025-10-24 03:53:34,NVDA,30.0,0.118,182.16
,,,2025-10-24 03:53:34,INTC,29.0,0.125,38.16
,,,2025-10-24 03:53:34,YOLO,25.0,0.086,3.25
,,,2025-10-24 03:53:34,EPS,25.0,0.054,69.13
,,,2025-10-24 04:40:49,AI,282.0,0.092,17.95
,,,2025-10-24 04:40:49,US,87.0,0.089,
,,,2025-10-24 04:40:49,ETF,55.0,0.081,
,,,2025-10-24 04:40:49,BYND,42.0,0.011,2.84
,,,2025-10-24 04:40:50,CEO,36.0,0.062,
,,,2025-10-24 04:40:50,GRAB,33.0,0.093,5.72
,,,2025-10-24 04:40:50,NVDA,30.0,0.118,182.16
,,,2025-10-24 04:40:50,INTC,29.0,0.125,38.16
,,,2025-10-24 04:40:50,YOLO,25.0,0.086,3.25
,,,2025-10-24 04:40:50,EPS,25.0,0.054,69.13
,,,2025-10-24 05:36:33,AI,268.0,0.096,17.95
,,,2025-10-24 05:36:33,US,88.0,0.089,
,,,2025-10-24 05:36:33,ETF,55.0,0.081,
,,,2025-10-24 05:36:34,BYND,42.0,0.011,2.84
,,,2025-10-24 05:36:34,CEO,36.0,0.062,
,,,2025-10-24 05:36:34,GRAB,33.0,0.093,5.72
,,,2025-10-24 05:36:34,INTC,29.0,0.125,38.16
,,,2025-10-24 05:36:34,NVDA,28.0,0.116,182.16
,,,2025-10-24 05:36:34,EPS,27.0,0.059,69.13
,,,2025-10-24 05:36:34,YOLO,25.0,0.086,3.25
,,,2025-10-24 06:51:04,AI,268.0,0.096,17.95
,,,2025-10-24 06:51:04,US,88.0,0.089,
,,,2025-10-24 06:51:04,ETF,54.0,0.081,
,,,2025-10-24 06:51:04,BYND,47.0,0.019,2.84
,,,2025-10-24 06:51:04,CEO,36.0,0.062,
,,,2025-10-24 06:51:04,GRAB,33.0,0.093,5.72
,,,2025-10-24 06:51:04,INTC,29.0,0.125,38.16
,,,2025-10-24 06:51:05,NVDA,28.0,0.116,182.16
,,,2025-10-24 06:51:05,EPS,27.0,0.059,69.13
,,,2025-10-24 06:51:05,YOLO,24.0,0.096,3.25
,,,2025-10-24 07:43:23,AI,272.0,0.1,17.95
,,,2025-10-24 07:43:23,US,88.0,0.089,
,,,2025-10-24 07:43:23,ETF,54.0,0.081,
,,,2025-10-24 07:43:23,BYND,47.0,0.019,2.84
,,,2025-10-24 07:43:24,CEO,36.0,0.062,
,,,2025-10-24 07:43:24,GRAB,33.0,0.093,5.72
,,,2025-10-24 07:43:24,INTC,29.0,0.125,38.16
,,,2025-10-24 07:43:25,NVDA,28.0,0.116,182.16
,,,2025-10-24 07:43:25,EPS,27.0,0.059,69.13
,,,2025-10-24 07:43:25,YOLO,25.0,0.086,3.25
,,,2025-10-24 08:49:31,AI,286.0,0.096,17.95
,,,2025-10-24 08:49:31,US,88.0,0.089,
,,,2025-10-24 08:49:31,ETF,54.0,0.081,
,,,2025-10-24 08:49:31,BYND,47.0,0.019,2.84
,,,2025-10-24 08:49:32,CEO,36.0,0.062,
,,,2025-10-24 08:49:32,GRAB,33.0,0.093,5.72
,,,2025-10-24 08:49:33,NVDA,30.0,0.118,182.16
,,,2025-10-24 08:49:33,INTC,29.0,0.125,38.16
,,,2025-10-24 08:49:33,EPS,27.0,0.059,69.13
,,,2025-10-24 08:49:33,YOLO,25.0,0.086,3.25
,,,2025-10-24 09:36:23,AI,284.0,0.097,17.95
,,,2025-10-24 09:36:23,US,89.0,0.089,
,,,2025-10-24 09:36:23,ETF,58.0,0.08,
,,,2025-10-24 09:36:23,BYND,47.0,0.019,2.84
,,,2025-10-24 09:36:23,CEO,36.0,0.062,
,,,2025-10-24 09:36:23,GRAB,33.0,0.093,5.72
,,,2025-10-24 09:36:23,EPS,31.0,0.056,69.13
,,,2025-10-24 09:36:24,NVDA,30.0,0.118,182.16
,,,2025-10-24 09:36:24,INTC,29.0,0.125,38.16
,,,2025-10-24 09:36:24,YOLO,25.0,0.086,3.25
,,,2025-10-24 10:43:50,AI,270.0,0.101,17.95
,,,2025-10-24 10:43:50,US,89.0,0.089,
,,,2025-10-24 10:43:50,ETF,58.0,0.08,
,,,2025-10-24 10:43:50,BYND,41.0,0.011,2.84
,,,2025-10-24 10:43:51,CEO,36.0,0.062,
,,,2025-10-24 10:43:51,GRAB,33.0,0.093,5.72
,,,2025-10-24 10:43:51,EPS,31.0,0.056,69.13
,,,2025-10-24 10:43:52,INTC,29.0,0.125,38.16
,,,2025-10-24 10:43:52,NVDA,28.0,0.116,182.16
,,,2025-10-24 10:43:52,YOLO,25.0,0.086,3.25
,,,2025-10-24 11:29:52,AI,277.0,0.102,17.95
,,,2025-10-24 11:29:52,US,89.0,0.089,
,,,2025-10-24 11:29:52,ETF,57.0,0.082,
,,,2025-10-24 11:29:53,BYND,41.0,0.011,2.84
,,,2025-10-24 11:29:53,CEO,36.0,0.062,
,,,2025-10-24 11:29:53,GRAB,33.0,0.093,5.72
,,,2025-10-24 11:29:53,EPS,33.0,0.063,69.13
,,,2025-10-24 11:29:53,INTC,29.0,0.125,38.16
,,,2025-10-24 11:29:53,NVDA,28.0,0.116,182.16
,,,2025-10-24 11:29:53,YOLO,25.0,0.086,3.25
,,,2025-10-24 11:43:07,AI,277.0,0.102,17.95
,,,2025-10-24 11:43:07,US,89.0,0.089,
,,,2025-10-24 11:43:07,ETF,57.0,0.082,
,,,2025-10-24 11:43:08,BYND,41.0,0.011,2.84
,,,2025-10-24 11:43:08,CEO,36.0,0.062,
,,,2025-10-24 11:43:09,GRAB,33.0,0.093,5.72
,,,2025-10-24 11:43:09,EPS,33.0,0.063,69.13
,,,2025-10-24 11:43:09,INTC,29.0,0.125,38.16
,,,2025-10-24 11:43:09,NVDA,28.0,0.116,182.16
,,,2025-10-24 11:43:10,YOLO,25.0,0.086,3.25
,,,2025-10-24 13:41:40,AI,279.0,0.103,18.12
,,,2025-10-24 13:41:40,US,89.0,0.089,
,,,2025-10-24 13:41:40,ETF,58.0,0.08,
,,,2025-10-24 13:41:40,BYND,41.0,0.011,2.97
,,,2025-10-24 13:41:41,EPS,39.0,0.075,69.64
,,,2025-10-24 13:41:41,CEO,37.0,0.064,
,,,2025-10-24 13:41:41,GRAB,33.0,0.093,5.84
,,,2025-10-24 13:41:42,INTC,29.0,0.125,40.46
,,,2025-10-24 13:41:42,NVDA,28.0,0.116,185.89
,,,2025-10-24 13:41:42,YOLO,25.0,0.086,3.36
,,,2025-10-24 14:44:10,AI,277.0,0.105,18.12
,,,2025-10-24 14:44:10,US,90.0,0.088,
,,,2025-10-24 14:44:10,ETF,58.0,0.08,
,,,2025-10-24 14:44:10,BYND,41.0,0.011,2.86
,,,2025-10-24 14:44:10,EPS,39.0,0.075,69.64
,,,2025-10-24 14:44:11,CEO,37.0,0.064,
,,,2025-10-24 14:44:11,GRAB,33.0,0.093,5.84
,,,2025-10-24 14:44:12,INTC,29.0,0.125,38.74
,,,2025-10-24 14:44:12,NVDA,28.0,0.116,185.25
,,,2025-10-24 14:44:12,YOLO,24.0,0.096,3.37
,,,2025-10-24 15:39:02,AI,281.0,0.106,18.08
,,,2025-10-24 15:39:02,US,91.0,0.09,
,,,2025-10-24 15:39:02,ETF,58.0,0.08,
,,,2025-10-24 15:39:02,BYND,43.0,0.037,2.67
,,,2025-10-24 15:39:02,EPS,37.0,0.077,69.73
,,,2025-10-24 15:39:03,CEO,36.0,0.064,
,,,2025-10-24 15:39:03,GRAB,34.0,0.094,5.8
,,,2025-10-24 15:39:03,INTC,29.0,0.125,38.05
,,,2025-10-24 15:39:03,NVDA,29.0,0.115,185.36
,,,2025-10-24 15:39:03,YOLO,23.0,0.067,3.37
,,,2025-10-24 16:51:15,AI,282.0,0.105,18.02
,,,2025-10-24 16:51:15,US,93.0,0.089,
,,,2025-10-24 16:51:15,ETF,57.0,0.082,
,,,2025-10-24 16:51:16,BYND,43.0,0.014,2.33
,,,2025-10-24 16:51:21,CEO,37.0,0.063,
,,,2025-10-24 16:51:21,EPS,36.0,0.082,69.75
,,,2025-10-24 16:51:21,GRAB,34.0,0.092,5.86
,,,2025-10-24 16:51:22,NVDA,30.0,0.109,185.37
,,,2025-10-24 16:51:22,IRA,30.0,0.077,
,,,2025-10-24 16:51:22,INTC,29.0,0.125,38.55
,,,2025-10-24 17:38:31,AI,282.0,0.105,17.98
,,,2025-10-24 17:38:31,US,95.0,0.089,
,,,2025-10-24 17:38:31,ETF,60.0,0.085,
,,,2025-10-24 17:38:31,BYND,44.0,0.022,2.34
,,,2025-10-24 17:38:32,CEO,37.0,0.063,
,,,2025-10-24 17:38:32,EPS,37.0,0.082,69.76
,,,2025-10-24 17:38:32,GRAB,34.0,0.092,5.89
,,,2025-10-24 17:38:32,NVDA,30.0,0.109,185.39
,,,2025-10-24 17:38:32,IRA,30.0,0.077,
,,,2025-10-24 17:38:32,INTC,29.0,0.125,38.65
,,,2025-10-24 18:54:42,AI,286.0,0.107,17.82
,,,2025-10-24 18:54:42,US,95.0,0.089,
,,,2025-10-24 18:54:42,ETF,56.0,0.077,
,,,2025-10-24 18:54:42,BYND,42.0,0.019,2.4
,,,2025-10-24 18:54:42,CEO,37.0,0.063,
,,,2025-10-24 18:54:43,EPS,37.0,0.082,69.79
,,,2025-10-24 18:54:43,GRAB,34.0,0.092,5.88
,,,2025-10-24 18:54:43,NVDA,30.0,0.109,185.49
,,,2025-10-24 18:54:43,INTC,29.0,0.125,37.94
,,,2025-10-24 18:54:43,YOLO,22.0,0.07,3.35
,,,2025-10-24 19:29:50,AI,283.0,0.106,17.92
,,,2025-10-24 19:29:50,US,95.0,0.089,
,,,2025-10-24 19:29:50,ETF,56.0,0.077,
,,,2025-10-24 19:29:50,BYND,42.0,0.019,2.29
,,,2025-10-24 19:29:50,EPS,37.0,0.082,69.81
,,,2025-10-24 19:29:50,CEO,36.0,0.062,
,,,2025-10-24 19:29:50,GRAB,34.0,0.092,5.86
,,,2025-10-24 19:29:51,NVDA,30.0,0.109,186.96
,,,2025-10-24 19:29:51,INTC,29.0,0.125,38.4
,,,2025-10-24 19:29:51,YOLO,24.0,0.087,3.36
,,,2025-10-24 19:42:01,AI,283.0,0.106,17.88
,,,2025-10-24 19:42:02,US,95.0,0.089,
,,,2025-10-24 19:42:02,ETF,56.0,0.077,
,,,2025-10-24 19:42:02,BYND,43.0,0.018,2.21
,,,2025-10-24 19:42:03,EPS,37.0,0.082,69.75
,,,2025-10-24 19:42:04,CEO,36.0,0.062,
,,,2025-10-24 19:42:04,GRAB,34.0,0.092,5.86
,,,2025-10-24 19:42:04,NVDA,30.0,0.109,186.71
,,,2025-10-24 19:42:05,INTC,29.0,0.125,38.51
,,,2025-10-24 19:42:05,YOLO,24.0,0.087,3.36
,,,2025-10-24 20:38:08,AI,285.0,0.107,17.85
,,,2025-10-24 20:38:08,US,96.0,0.09,
,,,2025-10-24 20:38:08,ETF,56.0,0.077,
,,,2025-10-24 20:38:08,BYND,43.0,0.018,2.18
,,,2025-10-24 20:38:08,EPS,37.0,0.082,69.71
,,,2025-10-24 20:38:08,CEO,36.0,0.062,
,,,2025-10-24 20:38:09,GRAB,34.0,0.092,5.85
,,,2025-10-24 20:38:09,NVDA,30.0,0.109,186.26
,,,2025-10-24 20:38:09,INTC,29.0,0.125,38.28
,,,2025-10-24 20:38:09,YOLO,23.0,0.08,3.36
,,,2025-10-24 21:29:34,AI,266.0,0.111,17.85
,,,2025-10-24 21:29:34,US,91.0,0.096,
,,,2025-10-24 21:29:34,ETF,56.0,0.077,
,,,2025-10-24 21:29:34,BYND,45.0,0.018,2.18
,,,2025-10-24 21:29:34,EPS,37.0,0.083,69.71
,,,2025-10-24 21:29:35,CEO,36.0,0.062,
,,,2025-10-24 21:29:35,GRAB,34.0,0.092,5.85
,,,2025-10-24 21:29:36,NVDA,30.0,0.109,186.26
,,,2025-10-24 21:29:36,INTC,29.0,0.125,38.28
,,,2025-10-24 21:29:36,YOLO,24.0,0.076,3.36
,,,2025-10-24 21:41:48,AI,266.0,0.111,17.85
,,,2025-10-24 21:41:48,US,84.0,0.097,
,,,2025-10-24 21:41:48,ETF,55.0,0.074,
,,,2025-10-24 21:41:48,BYND,45.0,0.018,2.18
,,,2025-10-24 21:41:48,EPS,37.0,0.083,69.71
,,,2025-10-24 21:41:49,CEO,36.0,0.062,
,,,2025-10-24 21:41:49,GRAB,34.0,0.092,5.85
,,,2025-10-24 21:41:49,NVDA,30.0,0.109,186.26
,,,2025-10-24 21:41:49,INTC,29.0,0.125,38.28
,,,2025-10-24 21:41:50,YOLO,24.0,0.076,3.36
,,,2025-10-24 22:37:05,AI,266.0,0.111,17.85
,,,2025-10-24 22:37:05,US,84.0,0.097,
,,,2025-10-24 22:37:05,ETF,55.0,0.074,
,,,2025-10-24 22:37:05,BYND,45.0,0.018,2.18
,,,2025-10-24 22:37:05,EPS,37.0,0.083,69.71
,,,2025-10-24 22:37:05,CEO,36.0,0.062,
,,,2025-10-24 22:37:05,GRAB,34.0,0.092,5.85
,,,2025-10-24 22:37:06,NVDA,30.0,0.109,186.26
,,,2025-10-24 22:37:06,INTC,29.0,0.125,38.28
,,,2025-10-24 22:37:06,YOLO,23.0,0.066,3.36
,,,2025-10-24 23:29:28,AI,269.0,0.109,17.85
,,,2025-10-24 23:29:28,US,79.0,0.09,
,,,2025-10-24 23:29:28,ETF,56.0,0.072,
,,,2025-10-24 23:29:28,BYND,44.0,0.024,2.18
,,,2025-10-24 23:29:28,CEO,36.0,0.062,
,,,2025-10-24 23:29:29,EPS,35.0,0.076,69.71
,,,2025-10-24 23:29:29,GRAB,34.0,0.092,5.85
,,,2025-10-24 23:29:29,NVDA,30.0,0.109,186.26
,,,2025-10-24 23:29:29,INTC,29.0,0.125,38.28
,,,2025-10-24 23:29:29,YOLO,24.0,0.076,3.36
